attendance,study_hours,assignment_score,previous_exam_score,internal_test_score,sleep_hours,screen_time,assignments_completed,class_participation,previous_backlogs,performance
91.3,6.9,69.1,83.7,88.0,6.3,3.0,81.7,64.0,0,Excellent
66.0,1.1,64.1,59.8,52.5,7.3,5.2,55.7,58.0,2,Average
86.9,2.2,60.1,56.8,69.5,5.2,7.9,53.4,64.0,0,Average
66.3,2.2,55.0,58.8,65.1,7.6,3.5,67.5,53.8,2,Average
72.5,1.6,57.8,60.0,65.5,6.5,6.2,69.7,12.8,2,Poor
68.6,2.3,54.9,61.2,47.8,7.0,4.4,87.1,72.8,4,Average
74.2,0.5,77.3,44.7,54.2,6.0,8.5,57.3,19.9,4,Poor
56.6,2.1,34.8,53.7,55.6,4.7,4.1,48.2,57.0,2,Poor
71.9,4.5,72.3,68.0,74.6,7.1,5.0,85.9,53.5,0,Good
100,4.7,71.4,66.3,70.6,5.8,1.1,66.8,54.0,0,Excellent
85.8,5.4,75.7,81.5,81.5,7.3,3.2,89.4,69.6,1,Excellent
58.8,0.5,43.0,46.3,49.8,7.0,7.4,51.8,37.9,3,Poor
75.4,4.3,58.6,61.0,58.6,6.6,7.7,62.8,51.0,2,Average
74.8,1.7,80.3,62.5,64.1,8.7,5.8,52.4,54.2,0,Average
80.2,4.1,53.3,71.4,88.8,7.9,2.6,78.2,71.8,1,Good
67.1,0.5,44.4,51.3,48.9,6.3,7.4,67.8,54.0,2,Poor
70.1,4.1,65.0,75.4,48.9,7.4,6.3,58.1,60.7,0,Good
92.6,4.2,83.1,62.1,75.0,6.2,5.4,79.1,100,0,Good
74.8,2.2,47.5,62.9,54.3,7.0,4.2,56.0,45.6,3,Poor
87.4,3.0,49.9,59.2,39.1,7.2,5.6,65.0,57.6,0,Average
84.0,6.4,87.5,85.3,80.6,8.6,6.1,84.5,60.8,0,Excellent
75.0,2.4,54.8,62.6,72.1,7.9,5.1,66.8,56.1,2,Average
88.8,2.0,91.3,86.7,71.2,7.4,1.8,100,79.0,0,Excellent
79.3,3.9,78.4,60.3,57.9,6.1,5.9,64.8,63.0,0,Good
75.2,2.0,44.8,41.2,48.5,8.1,7.6,58.7,62.5,2,Poor
65.4,2.9,68.2,51.2,60.2,7.0,4.1,74.9,27.0,4,Average
67.5,0.9,69.8,38.5,39.4,6.7,5.8,48.3,9.9,5,Poor
83.1,0.5,57.4,41.1,59.2,6.7,8.6,44.1,37.9,3,Poor
87.6,5.8,77.6,79.7,57.3,6.9,1.2,100,71.2,0,Excellent
81.7,3.3,72.6,64.2,61.0,5.6,5.1,72.8,42.7,3,Average
58.6,0.5,62.3,37.4,53.2,7.3,4.8,40.3,29.1,3,Poor
82.0,4.1,70.0,60.7,79.0,5.6,3.8,57.2,62.1,2,Average
64.1,3.7,63.4,56.8,59.3,6.7,2.4,78.7,78.8,0,Good
89.8,5.9,78.4,84.2,71.3,8.0,5.4,77.5,81.0,0,Excellent
80.8,1.3,71.7,65.8,61.4,6.6,7.3,47.1,51.6,1,Average
83.8,3.9,64.1,55.8,52.8,4.5,3.0,67.7,70.7,2,Average
76.8,2.1,74.0,56.8,57.8,6.7,3.9,79.9,54.6,3,Average
100,7.2,100,84.7,85.9,5.2,3.3,87.0,58.9,0,Excellent
82.0,4.1,85.2,85.2,74.1,5.2,3.3,84.5,61.3,1,Excellent
75.9,3.0,52.3,64.7,72.4,7.6,4.4,65.2,41.6,0,Good
79.7,1.6,63.3,66.9,69.2,8.4,6.6,76.4,35.5,3,Average
68.6,3.4,70.7,69.8,74.2,8.1,6.3,80.0,54.7,1,Good
92.6,5.3,75.4,79.9,88.7,6.6,3.1,93.0,73.2,0,Excellent
85.8,5.3,70.0,80.2,57.3,6.9,4.2,88.1,72.1,1,Good
70.6,0.5,66.7,61.3,57.0,7.3,4.5,51.2,73.6,3,Poor
72.0,0.8,52.3,54.4,49.9,6.0,5.1,48.6,59.4,5,Poor
86.9,3.6,41.2,62.6,55.6,6.6,6.4,75.2,41.8,3,Average
68.3,0.9,67.1,58.5,59.0,7.7,7.6,46.9,57.1,4,Poor
93.1,3.9,77.0,76.9,66.9,4.0,4.1,83.5,68.3,1,Good
80.1,5.6,74.2,71.7,88.7,6.1,7.1,96.7,73.0,0,Excellent
82.5,5.7,61.1,89.3,75.6,8.0,0.5,88.4,51.0,0,Excellent
68.8,0.5,51.0,47.6,55.5,6.2,6.9,46.0,56.4,3,Poor
65.8,3.6,78.6,56.7,51.9,7.2,6.9,79.8,41.6,3,Average
54.1,2.9,70.6,56.5,55.4,6.7,8.0,45.0,75.1,3,Average
76.7,4.5,71.6,73.4,78.2,7.8,3.5,72.7,84.3,2,Good
66.0,0.5,51.4,47.3,61.9,6.9,9.9,49.9,40.4,4,Poor
73.0,0.5,65.6,55.9,56.0,6.2,6.1,41.3,37.0,4,Poor
82.5,1.7,55.7,51.4,63.4,6.8,4.7,52.7,49.5,1,Average
82.2,2.9,70.5,61.5,52.3,8.0,2.5,68.7,60.4,1,Good
82.0,2.4,79.2,60.5,89.0,7.0,3.5,92.5,63.9,1,Good
87.3,4.6,79.1,79.6,69.7,6.4,6.5,65.8,66.9,2,Good
82.7,3.6,85.5,65.9,71.9,8.3,6.0,77.0,48.2,1,Good
90.9,4.9,94.4,84.0,66.1,6.7,1.5,96.6,56.3,0,Excellent
100,3.0,83.7,76.7,71.3,6.4,2.6,76.4,83.9,0,Good
94.5,4.4,90.3,79.3,65.4,8.5,2.2,84.0,65.2,0,Excellent
81.6,2.7,76.6,58.3,60.0,7.6,1.8,70.6,49.1,3,Good
73.9,5.7,78.1,80.1,70.3,7.4,3.7,98.9,91.5,0,Excellent
64.1,0.5,63.1,62.1,49.3,6.7,3.3,55.9,59.6,2,Average
75.0,2.8,52.7,63.5,59.4,10,4.4,68.0,69.1,2,Average
77.2,2.6,71.8,55.9,58.9,7.2,5.2,65.2,71.8,0,Good
70.9,2.9,63.9,60.1,81.4,6.9,3.5,64.1,41.8,1,Average
74.5,4.1,68.8,72.0,71.6,7.5,2.7,70.9,55.0,0,Good
92.8,3.2,69.3,72.5,73.7,7.1,2.9,67.6,57.0,1,Good
82.4,1.7,55.4,46.3,61.8,6.6,4.4,68.2,17.9,4,Poor
82.0,3.2,70.1,72.6,58.6,5.9,6.6,68.4,40.8,1,Average
63.6,2.1,53.3,63.0,76.5,6.4,6.2,100,43.7,2,Poor
68.6,0.6,49.6,57.6,72.7,6.3,7.4,76.5,20.5,4,Poor
53.9,2.2,54.0,52.3,73.4,8.4,4.8,63.9,39.3,3,Poor
84.1,4.8,93.4,90.4,79.2,7.8,3.6,96.6,86.1,0,Excellent
74.1,3.9,78.7,61.8,57.2,9.5,4.6,56.1,50.3,3,Average
73.4,2.0,85.0,79.0,56.4,6.2,5.0,76.1,73.4,0,Good
64.7,1.9,74.3,87.6,55.1,7.1,4.9,66.8,55.2,2,Average
82.0,1.8,39.8,56.9,64.7,5.6,6.3,54.0,46.6,1,Poor
82.7,3.6,81.4,69.0,66.2,8.9,1.7,86.7,52.1,2,Good
79.8,3.6,65.0,70.8,64.5,7.8,6.2,69.1,57.6,1,Average
67.9,3.6,69.7,60.4,74.6,9.4,3.5,74.3,36.7,0,Average
68.2,2.5,70.9,53.0,29.2,7.9,4.2,71.6,31.9,3,Average
85.2,5.2,97.1,82.9,76.0,6.0,3.1,93.1,72.6,1,Good
74.9,3.3,70.0,72.9,43.9,8.0,5.2,61.4,23.6,2,Average
80.8,2.6,68.8,46.4,69.2,8.2,5.2,80.4,58.2,3,Average
68.9,0.5,78.7,63.8,69.3,6.9,3.6,75.1,52.8,0,Average
77.4,5.3,74.6,86.9,56.1,9.5,6.1,84.5,61.7,1,Good
98.0,5.1,99.4,99.9,87.5,5.4,1.1,92.4,63.9,0,Excellent
98.8,5.6,86.8,92.1,67.0,7.0,1.9,90.5,47.1,1,Excellent
85.7,4.3,63.5,63.0,87.7,7.5,2.5,85.6,67.7,0,Excellent
100,5.5,100,68.3,73.0,7.7,2.4,100,47.4,0,Excellent
88.4,6.7,69.7,71.1,85.8,8.9,0.5,88.9,95.5,0,Excellent
71.2,2.4,70.6,52.0,76.7,7.0,6.1,76.2,51.9,1,Average
64.9,2.5,52.2,54.1,57.7,7.6,8.4,53.1,67.8,3,Poor
89.9,3.3,64.1,76.5,67.4,7.2,2.3,56.0,70.6,0,Excellent
100,4.4,79.4,70.8,83.4,6.6,3.4,62.4,58.8,1,Good
83.9,1.3,70.7,60.6,73.8,5.1,5.6,68.5,34.6,1,Average
89.1,5.5,91.7,67.6,91.6,7.5,2.0,82.0,83.2,1,Excellent
100,3.5,82.1,76.9,71.9,8.5,3.0,80.7,76.5,0,Good
70.3,0.5,70.8,49.8,55.8,6.3,6.1,60.0,50.8,2,Poor
90.2,4.9,79.5,84.1,84.7,5.9,4.9,79.7,59.2,0,Excellent
100,5.3,93.0,80.9,74.7,9.6,1.1,87.7,45.9,1,Excellent
88.2,1.0,60.0,50.4,52.8,6.9,7.3,55.4,59.2,0,Average
79.8,4.8,75.6,52.1,75.6,5.2,3.8,78.5,38.3,2,Good
74.8,4.0,57.3,50.6,89.0,8.5,2.9,75.3,87.9,1,Good
75.6,5.7,65.1,56.6,50.9,6.2,6.2,67.5,76.1,1,Good
65.4,2.6,70.1,67.9,71.3,6.4,3.3,57.3,73.3,2,Average
89.7,3.9,65.7,67.7,65.4,7.8,5.4,42.3,38.8,3,Average
85.2,5.5,74.5,57.3,90.7,7.6,6.0,64.9,83.5,0,Excellent
89.7,4.5,63.5,84.0,77.6,7.9,4.3,80.8,62.3,2,Good
94.2,5.7,91.1,70.4,75.5,7.8,4.4,70.8,62.0,0,Excellent
66.1,4.1,66.2,51.4,72.4,7.4,5.7,82.3,65.6,2,Average
90.1,4.0,85.8,76.0,79.4,8.7,2.6,71.4,76.5,0,Good
86.0,3.1,72.8,55.8,72.0,6.1,6.2,50.2,65.5,1,Average
89.5,2.2,68.4,81.7,52.2,6.9,3.7,84.5,44.1,2,Good
73.7,0.8,66.5,53.2,64.3,7.4,8.2,67.3,58.0,2,Average
63.6,5.1,75.4,68.2,50.6,6.1,4.2,61.7,39.4,2,Average
93.1,4.0,66.3,78.9,85.5,6.6,8.0,87.2,59.3,0,Good
80.1,5.9,86.3,76.9,73.8,10,4.6,82.7,63.3,0,Good
70.9,2.0,60.4,67.9,44.9,7.2,6.1,75.4,28.4,3,Average
79.7,5.5,74.9,65.7,93.6,8.5,6.6,86.5,76.4,0,Excellent
63.0,2.0,48.1,61.9,54.5,8.2,8.0,79.4,36.4,1,Average
91.7,1.9,66.6,62.9,68.8,7.1,7.3,70.9,67.4,2,Average
86.0,4.7,74.5,74.6,77.1,6.7,3.6,84.0,98.8,1,Excellent
72.6,0.5,55.9,56.0,41.7,7.0,8.0,51.4,44.3,2,Poor
83.6,4.6,74.3,42.7,52.4,6.1,5.9,78.9,66.8,3,Average
65.4,1.6,60.7,53.6,64.1,9.6,4.9,59.4,47.5,3,Poor
96.1,3.8,96.7,61.6,72.4,7.1,5.1,84.8,54.7,0,Good
79.7,1.4,61.3,72.6,61.3,7.8,6.0,59.0,72.7,1,Average
56.4,0.8,47.6,44.5,21.5,6.5,6.8,52.9,36.6,2,Poor
77.8,4.0,54.8,52.7,100,6.8,8.0,92.5,72.6,3,Good
87.3,6.0,68.3,53.6,63.9,6.7,4.9,86.3,68.3,1,Good
77.2,0.9,59.1,53.6,50.1,8.3,5.3,81.9,33.9,4,Average
87.6,5.4,79.8,94.4,77.4,6.0,2.7,66.1,77.5,0,Good
78.7,2.9,77.2,50.5,69.2,5.1,6.4,63.6,31.0,0,Average
58.0,0.7,63.3,52.4,72.0,7.1,5.5,67.4,39.4,2,Poor
74.4,1.6,77.8,49.1,69.2,8.6,3.7,80.0,34.4,4,Average
84.8,3.9,79.8,69.5,42.1,7.9,4.9,97.5,80.7,2,Good
81.6,0.5,67.0,48.0,60.6,8.0,7.9,49.6,60.4,3,Average
71.9,1.8,56.2,56.8,60.2,8.2,7.2,64.6,69.2,4,Poor
57.4,0.9,57.9,49.6,46.6,7.4,6.0,58.9,16.8,5,Poor
78.1,3.1,74.0,56.8,43.1,8.0,5.8,37.0,37.7,2,Average
100,4.5,78.6,70.8,62.8,6.8,5.0,79.2,72.8,0,Good
79.2,3.9,75.6,61.9,74.4,6.6,2.6,83.2,60.3,1,Good
52.1,0.9,62.9,48.8,65.2,3.6,5.9,83.9,37.3,5,Poor
83.1,4.7,75.8,64.5,95.5,6.1,3.2,87.0,82.8,2,Good
87.4,4.8,95.8,81.1,68.6,8.2,4.3,80.8,68.5,0,Excellent
70.2,2.9,45.3,45.7,38.4,5.8,5.8,47.9,8.0,4,Poor
96.0,5.7,80.0,77.4,76.8,7.3,0.9,100,91.0,0,Excellent
93.3,3.7,78.0,56.4,74.6,7.5,4.1,74.0,77.2,0,Good
70.2,0.5,78.4,39.9,42.6,6.6,8.0,45.5,34.5,3,Poor
54.5,0.5,55.5,59.8,70.2,7.2,8.0,59.3,47.7,3,Poor
89.5,5.8,68.5,76.0,73.1,5.1,4.6,87.4,81.6,0,Excellent
82.1,2.6,76.5,37.4,68.6,6.9,6.7,56.6,55.8,2,Average
80.1,2.5,83.2,63.5,57.6,5.9,4.0,73.1,48.9,3,Average
66.0,0.9,48.5,51.9,40.1,8.3,6.7,55.8,25.0,1,Poor
74.3,2.1,66.8,60.5,65.2,6.5,4.4,94.5,43.8,0,Good
74.9,7.5,85.5,82.3,91.4,8.1,2.9,85.7,72.1,0,Excellent
99.1,5.2,71.0,76.4,64.3,6.9,4.8,86.1,90.3,0,Excellent
82.6,4.2,58.7,70.9,71.7,6.8,2.1,77.4,79.4,3,Good
83.8,1.2,57.2,59.5,53.6,7.4,7.2,46.0,47.2,2,Average
98.0,5.4,67.7,84.9,79.0,7.8,3.8,91.0,77.9,0,Excellent
73.7,0.5,34.5,59.5,57.7,7.0,6.7,66.6,31.3,5,Poor
87.4,3.2,84.6,74.9,78.4,8.7,3.9,81.8,63.5,0,Good
83.0,2.5,86.3,77.6,68.0,5.8,3.6,82.2,47.3,2,Good
56.0,1.6,56.0,40.8,63.5,6.5,9.2,54.6,28.9,4,Poor
73.7,0.7,60.9,59.7,65.9,8.6,6.3,59.8,74.0,1,Average
85.0,4.8,85.7,86.4,79.7,8.8,8.1,100,81.2,2,Good
64.8,3.1,46.3,62.0,70.0,6.6,2.7,82.3,52.8,4,Average
85.2,4.9,100,78.4,70.4,7.0,3.9,89.0,73.7,0,Excellent
79.0,1.4,57.3,60.6,70.3,7.6,5.3,70.1,50.6,3,Average
69.9,2.2,57.3,41.9,50.2,6.5,6.4,69.3,72.5,2,Average
75.2,4.4,89.1,56.0,43.4,7.2,7.0,76.6,68.7,1,Good
75.4,0.5,76.5,60.8,90.9,6.5,5.5,81.6,65.0,0,Average
87.1,4.1,82.2,88.1,83.3,8.1,6.1,100,87.6,0,Good
78.1,4.4,75.0,75.7,71.8,7.1,5.7,83.8,59.6,1,Good
74.5,0.5,61.0,56.4,35.5,6.4,4.7,58.4,44.7,4,Poor
63.8,4.6,65.9,58.7,46.5,8.7,9.7,52.1,27.7,5,Poor
58.2,0.5,59.5,39.7,44.3,7.2,7.2,62.8,60.1,3,Poor
65.4,1.8,54.2,51.2,33.8,5.7,6.7,56.4,62.2,4,Poor
83.5,5.9,85.5,62.2,58.0,7.5,2.3,76.9,85.7,0,Excellent
79.1,3.9,81.5,65.7,64.6,7.3,4.0,100,59.6,0,Good
86.6,4.1,67.8,65.6,87.6,4.6,2.4,93.2,62.7,0,Good
55.7,2.3,57.4,56.6,71.0,6.4,4.2,57.7,13.1,1,Average
81.6,0.5,60.9,51.4,57.0,7.4,7.7,68.8,38.9,5,Poor
81.1,2.2,84.9,52.2,74.0,7.4,2.2,64.4,27.0,1,Good
91.0,3.4,73.8,84.3,82.7,5.8,2.1,100,64.2,0,Good
87.8,6.6,76.9,88.5,70.4,8.3,2.5,89.2,60.1,1,Excellent
58.6,0.5,65.3,46.8,48.0,9.1,5.1,78.0,43.3,3,Poor
53.7,0.9,68.8,59.7,69.0,9.2,6.8,45.6,37.5,2,Poor
70.6,1.9,49.2,36.0,52.2,7.6,5.0,61.6,50.2,3,Poor
93.8,2.1,80.8,73.2,81.5,4.8,4.7,80.8,61.0,1,Average
90.6,1.9,87.3,68.9,65.2,6.4,3.7,91.0,53.5,0,Good
100,4.0,79.2,72.4,74.5,7.8,3.6,79.8,77.8,1,Excellent
83.2,0.5,59.5,70.8,54.9,8.3,4.7,62.7,47.9,2,Average
82.9,8.1,76.1,71.8,72.4,7.7,3.7,98.0,56.6,0,Excellent
83.5,7.2,74.9,78.8,61.1,6.7,3.4,83.4,70.2,2,Excellent
94.0,4.5,77.4,59.5,77.3,7.2,5.6,75.2,82.1,0,Good
67.8,2.7,55.1,71.7,64.9,5.5,6.4,38.3,35.4,2,Poor
81.2,2.3,68.4,63.3,80.8,6.6,5.8,61.0,73.3,0,Good
80.4,2.9,84.3,64.5,58.7,8.7,3.7,73.5,67.8,2,Average
89.8,3.3,66.4,66.3,74.5,7.6,1.1,65.5,93.5,2,Average
66.0,0.5,59.1,66.5,57.5,7.6,6.5,81.3,37.6,4,Poor
69.3,0.5,61.1,52.4,59.6,6.5,7.8,56.3,40.6,2,Poor
74.8,4.1,71.2,61.3,62.7,5.9,4.9,94.8,67.5,0,Average
94.5,2.8,73.3,71.6,88.3,6.6,3.7,69.7,76.5,1,Good
63.4,1.3,47.2,43.9,66.6,6.2,6.4,53.5,33.1,4,Poor
78.0,2.3,81.7,53.9,72.1,6.7,5.1,74.5,50.8,1,Average
52.2,0.5,63.1,49.9,37.2,9.0,6.5,54.6,37.7,3,Poor
58.6,1.8,48.9,48.9,46.2,5.5,6.0,58.6,20.6,3,Poor
76.1,5.3,68.6,66.0,66.5,5.1,4.2,84.0,41.0,2,Good
68.0,2.3,42.1,49.5,53.7,5.4,8.0,64.3,71.2,1,Poor
86.0,6.4,87.8,79.2,74.4,6.3,2.1,97.3,74.4,2,Excellent
83.0,0.5,52.4,67.6,53.6,6.8,6.6,64.4,41.5,2,Average
77.7,5.0,96.5,73.6,85.6,4.3,5.6,86.4,89.7,1,Good
81.5,3.5,92.5,90.1,100,7.5,6.0,100,57.9,0,Good
94.2,5.5,69.8,93.4,63.3,8.0,3.3,93.2,72.7,0,Excellent
77.5,4.0,64.2,49.6,66.4,6.0,5.6,100,69.8,1,Average
79.7,3.4,87.9,65.3,80.7,5.8,5.3,54.7,61.1,1,Good
74.6,2.7,64.8,31.8,61.4,7.2,6.0,64.5,22.3,3,Poor
100,6.3,86.6,76.2,77.1,6.5,3.6,70.5,76.3,1,Excellent
77.9,3.0,78.3,71.4,58.8,6.8,3.0,65.3,45.7,2,Good
52.9,1.4,47.3,49.5,37.5,6.4,4.6,71.3,55.5,3,Poor
93.9,1.4,72.1,83.7,71.1,6.3,1.4,81.1,66.3,0,Good
95.3,6.9,94.1,84.0,97.2,6.5,2.7,64.4,92.4,1,Excellent
73.2,0.6,48.8,35.0,65.8,8.4,5.6,48.8,32.1,3,Poor
65.6,3.5,53.6,64.5,74.3,5.5,7.1,74.5,37.9,0,Good
77.7,0.5,50.6,73.5,61.8,6.4,7.9,68.4,52.7,2,Poor
63.6,1.1,74.5,49.4,55.7,6.0,4.9,53.9,66.3,4,Poor
93.1,3.7,72.3,63.7,79.0,7.7,1.1,65.7,61.8,0,Excellent
77.9,5.0,68.4,76.7,72.4,8.0,6.0,86.2,89.2,1,Excellent
89.9,7.5,79.3,72.2,79.1,6.7,5.8,100,74.2,0,Excellent
79.7,5.4,97.7,82.5,71.1,8.4,3.8,69.7,88.3,0,Good
84.5,2.6,66.3,75.3,64.9,5.7,7.8,54.1,34.9,1,Average
62.9,1.3,31.1,46.3,57.0,9.9,8.3,55.4,33.0,4,Poor
89.6,5.9,82.5,79.1,56.0,7.1,4.2,96.7,100,1,Excellent
70.2,1.4,68.7,53.0,78.6,4.3,4.4,51.1,54.8,2,Average
77.9,4.7,84.9,62.1,67.9,8.2,0.5,72.3,84.6,0,Excellent
90.7,2.7,88.5,69.5,69.9,6.2,2.2,100,59.0,0,Good
62.4,3.4,57.8,39.3,54.5,5.5,6.0,72.7,37.5,4,Average
96.1,4.3,64.0,67.2,67.1,7.7,1.2,75.0,70.0,0,Good
91.7,2.7,55.1,45.1,64.9,6.4,4.9,68.7,65.9,2,Average
81.1,4.1,50.2,54.8,71.0,6.8,5.1,65.1,42.7,1,Average
72.4,0.5,59.9,52.3,62.3,7.2,5.6,68.8,50.4,1,Poor
85.2,1.5,69.8,70.5,72.5,7.0,7.0,64.5,85.9,4,Average
78.0,2.8,100,81.4,80.8,7.6,1.9,79.5,87.3,0,Excellent
54.7,1.2,68.7,48.7,48.5,7.2,7.7,63.9,55.9,2,Poor
96.6,4.8,86.3,71.2,69.6,7.1,4.8,82.2,64.5,0,Excellent
87.7,3.8,71.6,56.3,57.4,6.0,4.3,70.1,48.9,2,Good
91.2,1.3,78.8,79.6,75.5,5.7,1.6,89.0,82.1,2,Good
83.8,4.6,88.0,74.1,77.0,8.2,4.0,99.7,49.8,0,Excellent
57.0,0.5,67.6,35.8,38.6,5.9,4.9,65.0,54.7,2,Poor
64.1,0.5,63.7,51.3,63.3,7.3,4.6,50.0,52.7,1,Average
63.9,0.5,65.3,43.1,64.1,8.1,6.8,77.1,23.0,1,Average
88.3,3.3,67.0,64.5,57.8,6.8,5.3,79.0,87.4,1,Good
81.6,4.2,82.9,70.9,68.5,5.7,4.8,71.9,58.7,1,Good
59.7,0.5,40.0,38.3,50.0,5.6,6.5,65.3,28.1,2,Poor
85.6,5.2,83.8,83.5,74.7,6.0,4.5,100,84.4,0,Excellent
75.7,3.3,69.8,42.7,59.8,7.5,5.5,79.1,53.9,3,Average
88.1,3.4,74.5,66.7,75.7,9.9,7.1,68.7,74.3,0,Good
72.5,5.5,94.0,68.7,81.0,7.3,1.6,94.2,51.1,1,Excellent
76.8,4.9,62.6,73.2,58.9,6.6,5.2,73.6,27.6,1,Good
64.3,2.4,64.5,75.0,57.2,6.9,5.0,65.7,58.8,0,Average
83.0,0.7,54.5,46.2,56.0,7.6,2.6,76.2,25.2,3,Poor
83.7,3.8,51.6,46.7,53.2,6.2,6.0,70.2,40.2,3,Poor
70.7,2.5,56.9,35.3,51.9,7.5,7.3,76.8,34.4,3,Poor
76.8,1.8,72.1,43.4,52.6,6.8,6.4,49.5,43.3,3,Average
60.2,4.5,61.3,63.9,67.6,7.8,5.0,85.9,74.1,0,Good
77.6,2.4,45.2,44.5,48.0,8.1,9.1,69.2,49.2,4,Average
81.3,4.3,75.6,76.0,81.6,7.3,2.8,70.4,62.5,0,Excellent
73.0,2.2,60.5,68.4,79.0,7.3,5.4,60.3,48.1,2,Average
71.8,1.0,59.3,48.0,68.4,7.0,5.9,45.3,40.8,3,Poor
66.8,2.3,70.6,59.7,67.2,7.9,3.9,73.8,61.3,2,Average
65.4,2.0,56.7,50.4,44.3,10.0,9.6,49.4,47.1,2,Poor
46.5,0.5,48.0,49.2,25.5,6.0,3.7,64.9,27.8,3,Poor
85.4,3.3,70.1,54.9,64.0,7.9,7.0,81.4,67.1,1,Average
58.8,4.4,70.6,46.8,59.4,7.1,9.4,53.3,21.0,2,Average
76.5,0.6,69.6,70.5,65.0,8.1,5.1,66.0,88.8,3,Average
66.0,2.7,36.3,53.6,43.1,3.8,6.8,75.3,23.0,0,Average
71.6,0.5,56.1,60.9,67.9,7.7,7.0,54.9,24.1,5,Poor
57.3,1.9,61.5,47.5,52.2,7.8,8.5,48.5,57.2,3,Poor
66.7,2.2,47.5,41.8,44.1,7.4,6.6,44.6,27.6,4,Poor
62.3,1.0,45.8,52.7,40.2,6.4,6.4,82.5,77.1,3,Poor
76.2,3.2,78.5,55.5,42.1,6.8,5.2,78.7,36.1,2,Average
63.4,1.3,44.6,40.5,43.0,6.9,8.0,35.5,31.0,2,Poor
64.8,3.4,51.7,47.9,50.7,5.9,4.4,78.2,26.2,2,Average
85.0,4.8,94.4,83.7,83.8,5.7,4.4,66.4,93.2,1,Excellent
61.5,2.4,51.0,34.8,34.4,8.4,6.6,41.4,31.9,3,Poor
80.7,4.2,81.8,71.4,55.4,6.9,4.8,100,78.2,0,Good
61.1,3.1,67.1,59.9,66.2,8.3,5.4,72.4,44.8,4,Average
89.2,4.7,70.4,69.7,58.2,4.8,5.6,85.9,51.0,3,Good
73.6,3.7,60.6,76.5,79.7,6.6,3.4,72.1,57.0,2,Good
81.9,4.6,87.2,80.0,79.1,5.9,4.8,100,77.7,1,Good
74.5,0.9,52.3,55.0,60.7,7.0,7.8,47.3,40.0,5,Poor
66.1,3.1,71.6,55.5,56.5,8.0,2.9,67.7,80.5,2,Average
75.1,1.3,57.8,69.8,52.1,6.8,4.5,64.5,70.4,5,Average
69.0,0.7,58.6,46.8,51.5,7.3,8.0,50.3,50.1,4,Poor
52.2,1.3,45.6,64.9,54.2,6.9,8.1,61.9,49.5,5,Poor
52.3,2.3,64.7,48.1,68.2,7.1,11.4,62.1,61.7,4,Poor
80.1,4.2,88.5,58.3,73.8,8.9,6.7,66.4,57.6,3,Average
87.9,2.5,56.2,66.7,67.2,8.9,6.1,53.6,41.9,2,Good
55.3,0.5,52.0,42.6,52.0,6.2,8.3,65.1,83.3,2,Poor
82.0,3.0,64.0,73.3,67.0,6.0,6.0,73.2,56.8,2,Average
97.7,5.4,80.9,72.5,94.2,7.8,2.8,100,79.3,1,Excellent
88.6,2.6,84.8,74.9,58.5,5.4,4.7,78.3,42.2,0,Good
59.0,1.8,70.3,46.7,48.9,8.2,5.4,46.7,35.6,2,Poor
70.6,0.5,57.1,49.7,70.8,7.9,7.1,91.2,58.0,2,Average
82.1,3.5,80.6,66.8,56.1,8.2,4.7,63.2,45.2,3,Good
86.0,3.4,78.1,67.1,62.4,8.7,5.7,83.5,52.5,0,Good
80.8,2.2,71.3,65.0,57.0,9.9,7.0,83.1,49.1,1,Average
65.0,0.5,50.0,47.9,40.6,6.7,4.6,47.5,20.6,3,Poor
74.7,0.5,47.8,55.6,44.8,6.7,7.4,55.3,76.0,2,Poor
89.9,4.6,67.9,72.7,84.5,7.2,0.8,79.2,100,0,Excellent
68.6,0.5,52.0,49.2,66.5,7.0,6.8,63.2,39.5,4,Poor
66.8,3.2,55.8,44.2,52.4,7.6,6.1,71.4,59.2,2,Average
67.3,0.5,37.7,61.2,49.4,5.2,7.9,75.8,33.2,2,Poor
72.1,2.4,81.9,60.4,63.1,7.5,4.4,81.3,47.8,2,Average
85.7,2.1,87.1,53.4,62.6,5.4,4.1,83.3,59.3,1,Average
89.9,7.0,86.6,71.5,85.8,7.0,3.1,68.8,86.2,0,Excellent
70.9,4.4,68.3,69.7,63.4,8.1,4.8,84.7,51.9,0,Good
73.7,1.5,58.2,64.1,68.9,5.9,8.1,87.1,69.2,1,Average
67.4,3.4,68.6,57.3,71.8,6.9,4.6,55.0,58.1,2,Average
61.7,0.7,50.2,47.5,43.6,9.4,5.3,56.9,37.9,3,Poor
64.4,0.9,56.8,60.0,54.5,8.3,4.6,50.9,61.6,3,Poor
77.2,5.3,68.9,71.9,75.5,7.0,2.2,96.5,73.7,2,Good
75.9,5.3,58.4,47.1,85.0,7.7,1.8,93.9,36.0,1,Excellent
60.8,0.5,51.8,56.2,75.8,7.6,6.5,56.2,57.2,3,Poor
76.1,2.8,53.5,67.2,60.4,10,5.7,68.2,48.3,3,Good
90.0,8.0,74.4,81.4,88.0,6.7,2.9,65.5,100,0,Excellent
72.8,2.8,74.7,77.7,65.5,6.9,7.3,76.9,30.4,1,Good
82.2,2.0,50.2,72.9,59.3,5.8,3.4,74.5,62.4,0,Average
78.2,4.0,62.3,57.9,46.8,9.7,5.0,82.8,57.7,1,Average
73.4,3.2,72.4,92.8,69.8,7.2,6.9,73.0,68.1,1,Good
86.6,3.9,69.7,79.8,76.7,6.0,2.6,88.4,77.3,0,Good
76.6,2.8,77.2,62.6,35.2,8.9,6.4,96.0,55.5,1,Average
60.2,1.0,51.8,49.6,50.1,5.9,3.8,73.5,24.4,3,Poor
62.3,2.5,62.0,36.2,63.5,5.5,5.6,62.6,31.2,1,Average
78.3,2.2,54.9,61.1,63.2,5.9,4.9,89.9,37.8,0,Average
74.6,3.1,66.7,61.7,70.0,6.3,5.4,62.8,51.8,0,Good
100,3.7,88.7,84.8,69.6,5.2,3.2,82.0,87.5,1,Good
73.4,0.5,64.6,23.6,49.2,6.7,6.5,61.2,51.1,5,Poor
86.3,4.7,75.4,68.8,66.2,8.7,4.0,87.4,95.6,0,Excellent
90.3,6.6,82.8,61.8,79.2,8.0,2.7,76.4,67.6,0,Excellent
79.2,3.6,63.0,67.9,54.5,5.9,4.4,83.7,62.4,1,Good
80.1,2.1,63.1,68.1,67.5,7.1,6.0,62.1,39.6,0,Average
97.0,3.7,73.4,74.1,73.0,6.0,5.3,61.7,69.8,0,Good
78.7,3.7,61.8,58.1,68.5,6.2,4.5,69.9,38.4,3,Average
77.0,1.5,82.4,71.3,65.2,6.8,2.3,72.4,84.3,0,Average
84.3,1.9,75.2,77.4,67.1,7.1,4.2,96.6,69.9,2,Good
81.1,0.5,54.0,60.6,44.8,6.0,4.3,49.8,48.9,3,Poor
81.6,2.0,56.6,51.0,66.7,7.2,5.6,68.8,60.2,1,Good
90.4,1.9,61.7,54.9,50.3,5.7,6.3,63.9,70.6,0,Average
81.3,1.3,62.6,62.2,64.3,6.6,2.5,80.5,49.5,2,Average
100,5.9,69.9,66.3,70.0,6.9,5.3,100,66.1,2,Good
83.8,7.3,91.6,67.0,92.6,7.2,4.6,100,91.9,0,Excellent
76.3,3.1,57.5,65.3,73.3,9.7,5.9,64.6,46.8,3,Average
85.2,0.5,58.1,56.8,60.6,6.7,4.0,91.8,49.8,2,Poor
73.7,1.5,64.5,51.5,46.3,6.6,6.7,38.9,42.3,4,Poor
81.6,2.2,47.7,55.2,63.8,8.1,6.0,55.9,48.2,2,Average
73.9,2.3,52.6,55.3,63.4,7.7,6.1,55.0,69.8,4,Average
86.5,5.1,79.6,66.1,51.8,8.3,2.2,72.3,58.9,1,Good
73.3,1.7,82.9,61.2,59.8,7.5,3.4,74.6,49.2,0,Average
91.3,5.6,99.6,63.6,64.2,8.0,6.5,76.5,100,0,Excellent
87.6,4.3,57.8,74.6,70.1,8.4,4.7,84.0,77.3,0,Good
94.3,4.5,64.3,63.6,78.0,7.4,5.1,75.6,67.6,1,Excellent
69.7,6.6,74.5,76.2,76.9,6.8,6.5,100,61.6,0,Excellent
73.1,0.9,62.3,75.2,87.3,5.2,3.7,53.7,43.2,1,Average
89.2,4.4,82.6,82.1,72.6,4.6,3.3,68.8,62.0,2,Good
79.8,3.7,62.7,68.1,50.5,6.5,1.7,87.8,56.9,0,Good
75.0,0.5,71.9,56.2,51.4,7.4,7.2,45.8,58.1,1,Average
96.4,3.3,79.9,64.7,78.6,7.6,5.1,89.8,80.7,1,Good
84.3,5.7,85.2,76.3,93.4,6.7,3.1,74.4,36.7,1,Excellent
77.8,0.8,66.0,59.3,44.8,6.1,4.6,44.3,60.9,2,Poor
89.1,5.3,67.4,80.2,77.1,6.6,3.1,86.6,91.6,0,Excellent
79.7,2.4,60.1,54.5,45.9,6.6,5.9,68.0,45.2,1,Average
75.1,1.8,50.3,42.7,56.7,7.3,5.6,63.6,19.8,3,Poor
86.8,3.2,100,78.3,84.8,9.0,2.2,85.8,58.2,1,Good
79.3,3.3,84.3,62.9,59.2,6.0,5.4,75.4,60.2,1,Average
67.7,1.8,75.8,38.6,44.7,8.1,7.1,67.3,38.8,2,Poor
94.9,2.9,79.9,83.5,93.3,8.6,4.7,70.9,64.2,0,Good
73.1,4.9,85.3,73.8,69.2,7.0,3.5,86.0,79.3,0,Excellent
84.2,2.6,64.8,82.7,66.5,7.1,7.6,82.0,47.0,1,Good
81.1,6.7,80.1,55.7,53.0,5.8,2.8,78.7,78.0,1,Good
76.3,3.4,72.0,65.4,63.9,5.7,3.0,95.7,74.5,2,Average
64.6,3.5,68.3,72.6,71.6,6.5,3.9,88.3,62.1,3,Good
94.4,4.7,78.3,77.0,83.1,7.3,4.9,100,90.6,0,Excellent
74.5,2.7,61.5,41.0,69.8,4.0,6.4,74.2,36.7,1,Poor
83.4,6.2,74.4,75.5,46.6,9.4,5.3,77.4,51.8,1,Good
67.2,2.5,70.4,66.6,71.4,6.2,5.3,55.3,52.9,3,Average
64.1,0.5,64.5,49.4,50.8,6.6,6.0,47.9,30.6,1,Poor
73.6,4.3,64.1,46.3,72.5,6.5,5.0,93.2,50.7,0,Good
72.9,0.5,50.2,38.8,34.0,4.5,4.7,73.6,25.6,5,Poor
71.4,3.4,79.0,78.4,62.0,6.2,2.0,64.3,48.3,3,Good
77.6,2.3,73.0,78.9,55.3,5.9,5.6,55.4,21.8,2,Average
58.7,4.1,68.8,55.6,78.6,8.5,6.8,65.4,44.5,1,Average
90.2,5.4,77.2,70.8,81.2,8.2,5.9,70.8,67.9,2,Excellent
85.0,5.9,65.6,83.3,79.9,9.3,5.3,92.2,79.4,0,Excellent
80.1,4.0,75.6,50.0,60.9,7.7,4.3,69.0,70.8,0,Good
73.3,3.8,78.9,78.5,80.0,6.9,4.9,80.6,85.5,2,Good
72.8,2.1,78.1,81.2,66.1,6.7,4.5,56.5,53.5,3,Average
57.2,1.3,57.6,46.6,61.8,8.0,5.8,63.3,42.1,0,Average
68.3,1.5,67.5,64.8,65.5,7.9,7.1,69.6,84.8,0,Average
65.6,0.5,49.6,52.6,52.6,5.5,3.0,48.6,41.4,3,Poor
86.0,4.4,74.6,83.6,84.7,4.9,3.8,90.4,68.0,0,Excellent
79.7,3.8,70.8,51.6,69.5,7.5,7.1,62.5,79.6,1,Good
82.8,1.7,70.5,77.0,60.7,7.2,6.3,100,53.7,1,Good
87.6,0.8,49.9,65.5,70.0,6.6,4.5,82.3,68.1,0,Good
91.3,6.2,90.9,94.8,99.8,6.7,6.3,83.6,99.6,1,Good
67.8,0.5,44.7,45.1,66.9,8.0,5.8,48.2,44.0,5,Poor
80.7,0.5,51.6,49.5,67.2,7.3,8.4,59.1,15.2,3,Poor
58.1,0.9,65.5,64.2,52.3,7.2,7.5,52.9,35.1,2,Poor
85.4,2.9,82.0,77.8,62.5,7.9,1.2,99.9,65.3,1,Good
54.2,3.1,62.2,46.7,53.2,7.0,4.3,44.1,28.1,4,Average
84.7,4.5,91.9,75.0,87.0,6.0,4.5,95.4,66.2,0,Excellent
81.1,3.6,66.8,63.9,85.1,5.1,5.3,62.4,25.7,3,Average
90.3,3.2,73.8,99.3,68.5,6.6,4.7,92.3,58.9,0,Excellent
98.8,4.6,72.0,76.3,92.4,9.3,2.5,92.1,74.1,1,Good
87.0,3.1,55.6,80.3,64.2,8.0,6.3,69.5,58.8,5,Average
85.2,3.0,56.0,61.7,73.7,6.8,3.2,100,77.9,1,Excellent
84.9,4.2,74.9,92.0,72.8,8.7,1.5,85.1,58.5,0,Excellent
79.9,4.3,68.7,66.3,77.9,7.1,5.2,96.0,61.7,1,Good
74.1,2.6,55.9,35.1,59.6,6.0,7.1,66.7,56.6,3,Poor
75.4,1.8,55.7,42.6,59.0,8.7,6.3,57.9,42.2,5,Poor
100,4.3,95.3,100,67.6,7.0,2.9,74.9,67.7,2,Excellent
82.7,5.0,84.3,81.0,66.0,8.4,5.3,97.5,72.3,1,Excellent
61.8,0.5,49.0,54.9,45.9,6.9,7.2,83.7,39.5,3,Poor
87.9,5.0,78.6,73.4,78.5,6.0,2.3,100,83.2,0,Excellent
64.9,2.4,69.3,56.7,54.1,8.5,7.9,74.1,7.8,3,Average
59.8,1.9,31.6,29.1,60.8,7.4,4.9,62.3,49.3,4,Poor
56.5,3.2,46.6,42.8,65.3,7.1,5.0,63.8,34.2,1,Average
75.9,0.8,68.7,74.1,62.9,6.9,7.6,61.3,49.7,3,Poor
98.6,3.5,62.1,74.5,80.1,6.3,6.0,70.5,90.4,1,Average
84.9,3.2,70.0,61.4,73.3,6.1,3.0,77.9,60.4,0,Good
68.7,0.5,61.4,51.2,54.9,6.2,7.9,59.7,17.1,1,Poor
80.0,2.7,65.2,68.9,78.2,6.1,4.5,67.4,69.0,3,Average
64.3,2.6,46.8,57.4,47.7,7.1,5.2,54.7,27.3,3,Average
64.0,1.3,59.3,56.0,70.7,6.4,3.2,66.8,21.8,3,Poor
56.5,3.2,64.5,59.5,67.2,7.5,4.0,80.8,63.5,1,Good
76.7,4.0,72.9,74.8,65.5,7.9,5.0,84.5,72.2,2,Good
90.7,4.7,84.3,63.4,83.6,7.5,2.9,87.6,83.8,0,Excellent
76.8,2.0,45.3,61.9,54.7,7.0,7.1,83.5,63.6,5,Poor
63.3,1.4,39.5,47.9,51.7,8.0,7.7,37.5,18.2,3,Poor
88.9,5.2,81.2,76.5,56.6,8.1,2.0,85.5,67.5,0,Excellent
83.5,0.5,51.4,61.5,43.8,8.0,6.3,68.1,64.6,4,Poor
80.2,6.2,84.0,86.1,84.4,7.3,1.1,92.7,67.6,0,Excellent
57.8,2.9,73.8,44.9,66.9,6.2,7.5,63.9,60.9,3,Poor
87.2,6.0,89.1,76.1,76.5,9.3,5.0,79.5,92.0,0,Excellent
72.8,0.5,51.5,63.6,44.0,7.0,7.9,52.1,22.9,1,Average
71.3,2.7,68.9,64.3,66.1,6.2,5.2,67.2,51.7,4,Average
73.7,0.6,51.8,42.8,47.8,6.3,5.6,43.7,24.3,3,Poor
99.0,3.7,81.7,84.6,67.4,6.9,3.3,63.9,89.2,0,Excellent
71.7,3.9,79.2,66.6,70.4,6.7,5.8,82.9,52.7,3,Good
67.7,1.5,68.7,53.1,62.2,8.2,3.6,61.1,68.3,3,Average
58.7,4.5,60.1,58.2,76.3,7.6,6.5,49.2,50.9,1,Average
71.8,2.0,53.5,55.0,53.6,5.7,5.0,59.7,37.2,3,Poor
97.1,5.3,64.6,84.9,59.4,6.0,5.1,89.7,88.1,0,Good
87.0,6.3,88.0,77.5,72.7,5.1,3.4,79.2,92.4,0,Excellent
68.5,4.1,79.0,53.4,64.0,6.4,3.6,95.0,73.6,0,Good
68.7,0.5,55.3,54.1,70.8,6.7,6.0,68.9,29.5,2,Average
56.9,1.4,56.8,57.7,43.2,6.5,6.7,58.1,31.9,1,Poor
81.4,6.0,71.5,49.0,76.8,8.2,1.5,100,48.9,1,Excellent
92.7,6.5,82.9,96.5,80.9,4.9,2.2,100,84.7,0,Excellent
85.8,2.4,62.5,55.8,58.9,6.8,5.3,75.0,46.5,0,Good
50.7,2.0,56.1,55.6,68.4,7.4,6.1,49.7,61.7,1,Average
72.1,2.2,58.1,39.9,46.0,8.3,4.4,73.1,39.7,3,Poor
72.9,3.5,56.4,56.0,51.2,6.2,5.8,88.9,49.5,3,Average
65.3,0.9,56.5,55.9,50.7,7.1,6.5,66.1,59.9,0,Average
75.3,1.3,52.6,43.3,40.1,6.2,9.6,50.4,52.3,3,Poor
57.5,5.0,64.1,40.9,46.2,7.5,5.3,79.6,38.6,2,Good
64.0,0.5,72.2,47.3,50.8,6.8,3.3,81.0,18.7,4,Poor
81.5,3.4,62.1,69.2,85.4,5.5,2.7,73.3,43.8,4,Average
92.4,1.5,65.9,73.9,80.6,5.1,5.2,63.4,54.0,1,Average
63.2,1.8,51.1,59.2,58.6,7.9,7.3,63.4,48.1,3,Average
68.6,1.6,61.0,71.8,59.6,5.0,7.1,49.0,52.3,1,Poor
85.8,4.0,88.7,80.3,56.1,7.5,4.9,70.8,75.5,1,Good
79.7,3.0,56.4,59.1,65.6,7.5,5.7,89.7,64.9,2,Average
92.7,6.2,86.6,84.7,77.4,5.5,3.0,100,64.6,0,Excellent
77.6,4.7,63.7,48.7,57.8,5.9,7.1,51.2,60.4,2,Average
82.5,4.6,84.7,78.1,86.5,6.6,3.7,73.0,65.9,1,Excellent
100,2.9,77.0,84.1,71.2,8.2,3.4,93.4,87.7,0,Excellent
100,6.9,74.6,85.2,69.2,7.4,4.1,68.3,66.6,2,Excellent
77.4,2.7,59.5,49.6,56.6,8.1,7.2,51.6,32.9,4,Poor
75.1,2.5,62.3,69.1,44.3,6.7,7.0,71.7,42.7,4,Poor
69.5,2.9,75.5,78.1,40.6,7.5,6.3,58.0,59.4,1,Average
70.6,1.7,55.6,45.1,40.7,8.0,7.0,52.5,24.4,1,Poor
68.8,0.5,69.1,59.2,53.6,8.0,7.5,42.1,35.0,2,Poor
90.0,5.3,76.4,86.6,75.4,6.0,0.6,100,79.4,0,Excellent
73.4,3.6,84.7,75.1,95.5,8.4,1.3,90.1,73.5,1,Excellent
86.1,3.2,68.1,100,58.5,8.9,6.4,83.1,56.2,1,Average
67.6,2.5,73.8,68.2,66.1,8.9,7.5,84.5,70.7,3,Average
91.0,2.7,64.2,53.4,65.6,8.2,3.8,68.6,62.9,1,Good
64.5,2.3,59.6,69.5,66.8,7.6,4.6,55.6,45.4,2,Average
73.5,1.1,67.5,54.6,60.7,7.1,6.1,51.2,41.1,3,Poor
78.1,0.6,51.9,55.2,39.3,8.0,7.0,57.7,51.5,4,Poor
84.6,2.2,65.1,63.9,69.1,9.2,5.3,51.5,63.7,2,Average
73.2,5.0,69.4,86.8,72.5,5.8,2.4,100,70.5,0,Excellent
82.7,1.8,74.4,54.3,58.8,7.5,6.4,45.8,52.1,4,Poor
58.6,0.5,36.1,29.7,41.4,8.7,5.4,36.7,46.4,3,Poor
97.7,3.8,69.5,83.3,73.9,5.9,2.9,65.1,49.4,1,Good
75.2,4.4,80.4,72.8,81.0,8.4,1.3,84.2,58.9,0,Good
65.6,2.0,61.4,45.2,46.5,8.0,3.8,51.4,38.9,2,Average
55.3,0.9,43.6,38.3,55.7,6.2,6.9,56.9,24.2,2,Poor
95.5,4.6,72.1,61.7,62.0,6.9,3.9,78.1,75.9,0,Excellent
69.3,3.4,47.5,59.5,59.0,5.3,8.4,43.1,28.8,4,Poor
73.8,2.1,75.8,69.8,63.9,6.2,7.4,68.9,51.6,2,Average
78.7,2.6,68.7,55.7,58.8,6.9,5.1,71.2,45.2,2,Average
82.7,5.6,74.3,85.4,83.7,7.5,4.5,82.0,87.1,2,Excellent
65.5,1.5,50.0,36.8,43.4,5.5,7.8,26.7,41.4,0,Poor
55.2,1.2,50.8,37.0,46.4,5.1,4.4,61.9,35.7,3,Poor
59.0,1.8,71.5,64.4,55.2,7.1,4.4,68.6,50.3,1,Average
83.2,4.7,81.9,68.3,91.0,6.4,2.6,88.3,58.8,0,Good
73.9,6.4,99.8,65.3,63.9,6.4,1.0,95.3,72.6,0,Excellent
75.1,0.5,70.0,46.8,62.0,5.8,4.0,67.4,46.2,1,Poor
66.8,0.7,58.4,65.7,52.7,5.7,5.6,53.8,34.4,4,Poor
65.6,2.6,68.3,43.1,41.6,7.8,3.7,55.9,21.3,3,Poor
74.2,2.9,68.9,58.1,55.4,4.8,3.9,62.1,52.8,4,Poor
84.8,2.8,66.5,73.6,57.1,7.1,7.6,66.8,17.2,2,Average
76.2,5.3,73.3,74.5,69.0,6.5,4.1,79.5,61.6,1,Good
79.4,4.6,61.3,70.2,62.4,6.1,4.4,92.1,54.3,0,Good
78.0,4.0,69.4,83.7,76.2,5.7,5.2,90.1,61.8,1,Good
73.9,2.0,64.5,51.5,48.9,6.3,5.6,62.8,65.4,1,Average
92.4,3.5,91.5,68.9,75.2,7.9,0.5,88.3,49.9,1,Good
63.7,2.6,62.1,35.0,49.8,5.7,4.9,75.3,61.6,3,Poor
73.0,7.9,78.6,90.9,80.4,6.8,0.5,100,72.1,1,Excellent
84.0,3.4,61.1,58.8,59.2,5.7,4.9,81.0,34.7,1,Average
55.3,0.5,44.0,47.7,40.6,7.8,5.4,75.2,32.6,2,Poor
98.0,2.3,76.2,92.6,68.6,8.0,3.9,100,79.1,0,Good
83.0,3.8,100,92.7,62.7,6.9,0.9,85.3,73.3,0,Excellent
63.7,2.8,59.3,61.2,76.1,5.5,6.7,54.5,40.2,4,Poor
74.5,1.0,38.7,58.1,47.8,7.4,8.5,54.1,38.0,4,Poor
73.4,4.7,64.0,87.8,74.2,7.0,5.1,63.9,65.8,1,Good
61.4,3.5,65.4,60.6,58.2,5.5,4.0,63.2,59.5,2,Average
87.2,3.3,68.9,49.2,48.5,6.3,8.8,67.9,48.6,0,Average
81.2,5.3,86.1,79.2,79.6,9.8,3.3,78.2,68.1,3,Good
75.6,5.1,72.3,77.5,61.6,7.4,5.0,84.6,51.5,0,Good
66.6,2.7,52.9,46.2,55.0,7.4,5.2,63.0,67.3,3,Average
72.8,6.6,74.9,74.9,83.5,9.0,1.8,57.9,37.7,0,Good
62.3,0.5,59.6,72.5,40.5,8.7,6.5,55.4,10.2,3,Poor
58.7,2.3,45.4,49.0,38.6,6.6,5.1,73.2,23.9,3,Poor
91.7,3.9,67.8,66.1,81.7,4.9,5.2,88.2,67.7,1,Good
64.5,2.2,55.2,70.6,82.2,6.8,7.3,73.4,74.3,1,Average
94.3,3.0,76.5,78.4,76.3,6.0,2.6,74.1,47.5,0,Good
79.1,3.7,73.7,74.5,74.6,9.0,3.0,94.2,51.6,0,Excellent
100,5.7,76.5,67.6,70.3,4.5,5.4,81.5,80.3,0,Excellent
86.8,6.2,81.8,75.2,68.9,6.7,3.4,87.3,71.7,1,Excellent
86.8,6.3,72.6,97.7,89.8,3.5,5.0,86.3,85.5,0,Excellent
89.9,3.7,72.1,54.0,74.3,8.2,0.8,84.9,58.1,0,Excellent
97.4,3.3,75.4,79.1,91.1,7.7,3.6,71.3,70.8,0,Excellent
90.8,4.3,98.1,84.8,81.1,8.4,4.1,82.9,78.7,0,Excellent
82.8,2.0,61.1,57.1,76.6,5.9,6.5,72.8,66.1,0,Average
85.0,7.1,76.0,71.4,81.5,6.7,3.5,84.3,57.7,1,Good
90.7,5.1,68.7,81.0,67.3,6.1,4.4,75.9,61.3,2,Good
86.6,4.3,99.4,80.9,73.4,6.3,2.6,100,72.9,0,Excellent
67.2,3.0,51.2,46.8,35.8,9.9,8.8,44.6,28.7,4,Poor
68.7,4.3,77.3,57.4,66.9,7.1,4.7,100,93.5,1,Good
94.0,3.3,71.5,61.5,74.6,8.2,4.7,69.1,45.8,2,Good
84.0,3.1,83.9,78.7,80.4,5.8,2.9,82.8,67.9,1,Good
75.6,0.5,47.9,58.7,51.9,7.2,6.9,54.7,34.0,2,Poor
62.2,1.7,51.0,49.1,69.2,8.0,8.2,61.1,21.4,2,Poor
90.2,4.7,72.0,68.7,49.9,6.7,1.7,52.7,58.1,2,Good
62.5,0.5,50.5,46.4,53.9,8.5,4.5,80.5,34.2,3,Poor
78.4,5.5,91.8,84.7,79.1,5.8,2.1,98.3,85.5,1,Good
64.5,2.1,51.2,35.6,44.0,7.0,5.8,66.4,30.6,3,Poor
77.1,4.6,84.5,88.0,71.9,7.1,3.7,93.9,67.5,1,Good
89.4,4.0,84.9,72.1,87.7,6.5,4.0,89.8,96.1,0,Excellent
77.3,0.7,51.2,42.2,62.1,6.4,4.6,75.6,38.5,4,Poor
97.2,4.4,57.7,77.0,84.7,8.4,4.2,78.3,36.2,2,Good
72.1,0.5,46.4,53.8,38.2,6.2,4.0,26.2,66.7,2,Poor
90.7,3.2,74.4,53.2,58.4,6.8,3.4,74.7,46.3,2,Good
76.2,2.2,57.1,68.0,55.7,7.6,4.2,90.5,37.5,2,Average
94.5,3.4,88.8,81.2,63.7,6.9,3.7,94.0,45.1,1,Excellent
72.6,4.5,58.2,55.8,83.8,4.3,5.5,70.6,46.0,2,Average
100,4.5,76.1,87.1,92.2,8.2,3.9,80.3,76.6,2,Excellent
76.8,3.9,66.2,60.8,76.3,7.1,3.5,95.3,25.2,4,Good
84.0,2.9,59.1,69.6,61.1,5.9,7.6,68.4,50.9,1,Average
75.7,3.7,55.2,57.7,68.8,6.9,4.9,58.5,40.4,4,Average
78.5,3.5,69.0,50.4,47.2,6.5,2.7,67.1,76.4,2,Average
72.1,4.5,60.0,45.0,63.4,7.0,7.7,74.5,77.1,3,Average
100,3.5,78.9,94.7,85.6,7.6,2.6,88.5,68.9,0,Excellent
64.1,2.9,63.4,67.2,65.8,6.9,7.1,80.2,58.0,0,Good
62.3,2.9,68.8,80.8,79.7,6.4,3.5,67.2,59.4,1,Average
81.7,5.7,81.0,85.8,86.2,5.3,2.9,100,71.6,0,Excellent
78.0,5.8,89.0,80.6,81.6,6.2,3.1,100,81.9,0,Excellent
64.0,0.5,50.4,37.9,48.4,6.8,7.0,28.6,32.7,4,Poor
94.5,6.3,81.5,85.3,92.9,7.1,3.2,97.1,58.2,0,Excellent
57.3,1.7,55.4,68.6,41.5,5.2,6.5,61.7,52.0,3,Poor
91.2,3.6,83.2,68.4,72.9,6.4,3.0,87.7,71.0,0,Excellent
93.7,5.1,55.2,73.1,82.6,6.1,0.5,68.1,69.0,0,Excellent
63.9,0.5,65.1,54.5,45.2,6.4,6.8,43.6,28.3,2,Poor
73.2,3.5,67.5,55.5,42.1,5.4,5.9,76.6,49.2,3,Average
97.2,5.5,90.3,75.4,73.3,5.2,1.3,87.3,63.5,0,Excellent
72.6,0.5,73.9,54.0,57.5,7.6,5.3,71.8,19.4,2,Poor
78.8,3.4,61.7,64.4,65.8,7.6,6.1,92.8,73.4,1,Good
96.9,2.9,71.9,68.4,48.0,6.0,5.1,76.8,56.1,1,Average
78.1,4.5,81.1,69.6,82.6,8.1,7.0,50.7,71.1,0,Good
57.8,1.0,46.6,41.2,64.8,9.3,8.1,57.5,54.4,2,Poor
66.9,3.0,72.9,55.5,69.2,6.7,7.7,53.3,50.5,2,Average
66.6,0.7,63.4,35.6,43.8,7.8,10.3,44.3,28.7,4,Poor
69.7,2.7,69.4,72.7,60.3,8.4,7.2,91.9,51.6,2,Average
69.1,0.5,58.9,58.5,50.1,7.4,5.8,67.2,56.6,1,Poor
54.9,0.5,48.5,33.5,55.2,7.0,8.6,52.3,32.9,3,Poor
70.1,0.8,54.4,30.0,77.2,8.2,6.6,74.9,43.1,1,Poor
68.5,0.5,53.5,56.4,35.3,7.7,7.0,70.5,24.5,2,Poor
71.9,0.5,66.5,56.2,53.5,7.4,4.4,70.2,45.5,3,Poor
94.6,6.1,89.8,75.2,78.9,7.7,2.5,95.1,79.2,0,Excellent
96.7,4.5,73.2,70.0,83.1,6.5,4.1,91.2,79.2,0,Excellent
87.2,3.0,66.8,61.5,89.8,4.6,2.8,84.0,67.7,3,Average
91.5,2.8,77.3,59.3,59.5,8.0,4.4,62.0,53.9,2,Average
72.2,0.5,38.3,60.7,38.0,5.0,7.2,52.1,11.1,4,Poor
76.4,1.2,55.8,38.6,48.6,8.5,7.0,53.5,48.4,2,Poor
63.4,2.3,79.5,82.5,46.1,6.9,6.4,62.5,49.2,1,Average
73.3,6.4,100,67.6,92.5,5.5,1.9,98.9,69.3,0,Excellent
68.2,2.9,65.8,59.7,65.1,10,4.9,47.0,64.2,3,Average
60.2,0.6,64.4,69.1,49.5,6.9,10.0,61.0,33.6,4,Poor
90.5,1.5,48.9,56.9,52.0,6.5,3.7,75.0,45.9,2,Average
68.6,0.6,43.1,66.3,50.3,5.6,5.4,44.0,55.7,2,Poor
69.9,1.2,56.0,46.6,27.5,8.7,5.9,63.2,48.7,2,Poor
62.0,2.3,57.3,57.2,35.8,8.3,7.3,53.5,30.3,2,Poor
72.7,2.5,54.7,59.4,50.3,5.4,5.8,58.6,44.3,1,Poor
62.9,0.5,44.1,76.4,75.2,10,4.7,48.4,42.5,4,Poor
83.4,4.4,70.2,68.0,53.0,6.5,3.7,85.0,60.4,0,Good
77.7,0.6,70.0,23.0,42.3,7.1,5.2,57.8,35.8,3,Poor
71.6,4.7,61.5,59.7,63.7,7.0,3.0,79.9,32.4,1,Good
92.2,5.8,79.5,72.2,83.3,8.0,4.1,100,58.1,2,Excellent
86.4,3.7,61.2,79.0,63.4,7.0,4.7,79.5,56.6,4,Good
65.7,0.6,73.4,53.3,55.8,6.8,4.8,70.2,41.9,2,Average
58.2,3.7,60.3,65.4,64.0,6.3,7.2,62.3,49.7,3,Average
79.0,3.2,83.9,93.1,90.4,7.3,3.3,66.7,82.8,1,Good
83.3,4.7,80.2,100,87.5,8.2,5.9,100,78.2,0,Excellent
80.3,5.3,69.7,72.0,80.3,6.1,6.5,82.5,84.0,1,Good
93.2,4.3,70.6,76.7,76.9,7.3,4.8,80.1,61.1,1,Good
82.8,2.8,81.1,61.9,65.0,7.7,6.0,66.4,50.5,1,Average
66.4,4.2,37.8,38.6,43.6,9.1,8.2,56.6,49.0,2,Average
82.5,1.5,62.8,65.2,67.6,7.7,4.7,61.1,44.1,2,Poor
71.2,0.5,34.9,52.2,56.3,7.0,1.7,53.4,31.3,2,Average
82.7,1.5,63.5,66.8,75.7,6.5,6.1,70.0,55.8,3,Average
58.5,0.6,57.4,62.6,41.6,7.1,5.8,67.7,40.8,4,Poor
80.4,2.5,60.5,62.4,44.5,8.9,7.7,62.3,29.8,3,Poor
87.6,5.1,77.3,72.1,65.7,6.6,1.8,56.5,57.8,0,Excellent
65.3,2.6,51.0,33.7,59.1,8.1,8.9,62.3,61.7,3,Poor
89.0,2.8,62.5,81.8,63.5,6.8,8.6,53.1,55.1,2,Average
87.8,4.8,76.7,96.1,87.0,5.3,2.9,59.3,78.4,0,Excellent
55.8,0.5,54.8,58.2,48.5,7.9,6.3,37.8,40.3,2,Poor
84.9,4.2,81.2,89.6,82.5,7.5,4.2,71.0,64.6,0,Excellent
63.2,1.4,65.8,43.8,48.9,9.1,3.9,78.1,53.1,1,Average
82.4,4.4,69.5,72.2,80.9,7.2,4.2,94.9,67.7,0,Excellent
84.4,3.5,82.3,57.6,62.1,9.5,3.4,46.7,55.1,4,Average
67.6,0.5,64.0,48.4,49.6,7.5,7.3,51.1,36.0,4,Poor
72.2,1.2,60.5,64.2,66.1,6.7,4.7,52.6,51.5,1,Average
77.8,3.9,88.1,71.0,66.9,7.6,2.9,84.6,73.4,0,Excellent
74.1,0.5,70.1,60.8,54.6,9.2,4.6,70.0,48.2,1,Average
88.3,4.6,82.1,62.6,66.0,8.4,4.2,78.1,81.2,0,Excellent
84.6,2.1,75.0,73.3,87.0,5.7,5.1,93.7,67.8,1,Good
80.0,5.9,81.2,73.6,78.0,7.5,4.5,87.7,80.0,0,Excellent
64.0,2.6,57.9,77.1,93.4,7.0,4.4,80.8,67.7,1,Good
66.9,1.0,59.6,67.0,42.1,8.3,5.9,49.5,31.8,4,Poor
89.3,4.9,88.7,78.2,88.1,7.0,6.6,88.2,76.4,0,Excellent
70.6,2.8,53.5,49.4,57.8,8.3,5.6,69.1,66.7,2,Average
72.5,2.9,59.5,66.2,52.9,7.1,6.2,67.6,55.0,3,Average
64.1,0.6,72.3,43.9,53.7,6.3,7.1,53.9,27.7,3,Poor
66.1,5.8,95.7,86.3,80.8,6.8,0.5,89.4,49.0,0,Excellent
76.5,5.4,82.1,79.2,59.9,7.5,4.4,73.0,61.5,4,Good
91.4,4.9,70.0,62.7,75.1,6.1,3.0,71.1,47.5,2,Good
67.5,0.5,53.2,54.3,54.8,8.1,10.0,57.5,23.5,3,Poor
65.9,2.5,55.0,55.4,63.0,7.4,6.1,70.6,50.9,4,Poor
64.2,2.9,49.7,42.1,56.5,5.4,5.3,42.3,52.2,3,Average
78.5,4.0,79.8,78.7,67.0,6.5,4.0,68.0,84.9,1,Good
89.7,3.2,82.4,46.6,51.1,6.5,3.4,83.8,71.6,0,Good
61.4,1.0,61.0,32.2,42.1,7.4,7.5,54.3,26.7,3,Poor
74.1,2.6,64.8,51.1,41.9,7.5,5.5,74.1,68.4,1,Average
85.2,6.0,89.4,66.2,83.0,8.1,4.5,84.8,50.8,0,Excellent
80.8,1.1,55.1,33.7,58.3,6.8,6.2,84.2,19.9,2,Average
90.8,3.1,77.6,82.5,75.6,5.2,3.6,81.3,78.9,0,Good
77.5,1.4,50.8,44.3,53.1,6.5,9.1,71.0,39.4,3,Poor
71.7,0.5,59.5,42.8,73.0,5.7,8.7,58.6,33.9,3,Poor
94.0,4.8,60.2,74.8,81.7,8.3,6.6,62.0,65.5,3,Average
64.9,2.9,71.8,50.1,75.5,7.6,5.0,52.5,49.1,2,Good
94.2,3.2,98.1,58.9,80.0,6.0,1.5,100,79.5,0,Excellent
88.3,5.0,73.2,99.3,89.4,6.7,2.8,66.3,67.6,2,Excellent
81.1,3.6,94.1,64.2,62.6,8.3,2.4,76.9,73.0,0,Good
67.9,0.5,54.5,55.8,42.4,6.1,6.6,70.7,38.3,2,Poor
100,6.9,70.8,94.9,80.0,6.4,5.2,100,100,0,Excellent
99.0,4.7,76.7,87.2,68.3,6.8,1.9,76.4,69.1,2,Excellent
67.4,3.2,70.8,68.7,69.7,7.2,2.5,62.7,63.2,2,Good
70.7,3.8,67.8,64.3,76.8,7.1,3.0,93.8,91.0,2,Good
76.8,3.0,74.7,50.9,74.0,6.0,6.5,65.1,54.3,0,Good
83.9,0.5,50.7,52.9,55.9,8.4,7.1,70.4,5.7,3,Poor
80.8,2.8,69.7,63.7,69.5,7.3,3.6,73.7,71.4,1,Average
56.6,1.8,55.3,44.4,50.1,9.8,6.8,59.1,48.7,4,Poor
86.9,3.8,93.4,72.2,61.9,6.6,5.2,71.5,50.9,2,Good
93.1,5.2,67.5,95.4,76.5,5.5,6.2,73.8,75.6,0,Good
80.6,1.7,69.7,62.0,73.0,8.0,5.5,68.5,52.3,0,Good
61.1,2.0,55.7,67.7,55.3,6.4,4.6,65.5,33.9,3,Poor
58.4,0.5,74.8,59.9,55.0,6.7,2.8,45.2,7.8,1,Average
72.8,2.0,53.3,68.0,44.8,5.4,5.8,68.9,59.3,4,Poor
76.1,3.4,65.6,53.2,92.6,6.7,4.5,66.7,70.9,3,Good
69.9,0.5,64.3,52.6,48.4,5.5,6.4,54.0,45.4,2,Poor
89.7,0.5,84.9,63.3,74.6,8.1,5.9,62.6,56.0,2,Average
78.8,3.0,64.9,51.7,59.0,5.7,6.2,66.4,42.9,3,Average
73.8,0.5,45.7,52.1,59.4,7.8,4.3,57.6,28.8,3,Poor
85.1,2.4,77.4,70.9,74.3,7.5,3.7,87.6,43.9,1,Good
90.4,5.5,82.5,69.5,78.9,7.3,4.8,93.2,69.4,2,Excellent
82.9,4.8,75.9,82.1,75.1,6.0,5.5,93.7,87.2,0,Excellent
64.2,0.5,51.2,39.2,47.5,5.6,3.7,46.5,47.1,5,Poor
81.9,3.0,60.6,70.2,53.4,7.1,5.0,73.4,69.0,1,Average
74.0,0.6,53.2,47.9,33.0,7.2,5.2,43.2,36.6,3,Poor
66.8,1.2,46.3,50.4,53.9,9.4,4.6,62.2,47.9,2,Poor
73.5,0.5,63.4,36.6,44.5,6.0,4.9,74.1,6.2,4,Poor
99.7,3.0,77.2,66.4,70.1,5.4,6.2,75.2,53.1,0,Good
100,4.1,98.3,79.5,90.5,8.4,4.0,85.7,76.0,0,Excellent
62.9,0.5,53.7,38.3,34.0,6.8,8.2,50.2,46.3,3,Poor
89.4,1.4,46.8,65.6,53.3,4.9,8.2,56.2,38.0,2,Poor
60.2,3.0,42.7,47.6,50.2,7.2,6.7,61.8,14.0,1,Average
88.0,5.9,73.4,75.4,69.6,7.0,1.7,70.2,81.8,0,Excellent
98.2,5.9,81.2,89.9,72.2,7.2,5.7,92.2,81.0,0,Excellent
79.4,0.5,70.8,59.0,63.1,7.0,3.0,78.5,55.2,1,Average
72.6,6.2,86.2,79.7,73.7,5.7,1.5,94.8,94.8,0,Excellent
96.9,3.6,85.1,70.9,78.8,7.0,5.3,81.3,64.1,0,Excellent
89.4,3.6,72.6,67.7,92.8,8.5,5.6,87.0,62.0,2,Good
82.1,5.9,77.6,75.1,60.6,8.5,5.7,76.1,76.9,0,Excellent
87.3,2.8,66.6,95.5,60.2,8.5,4.9,86.6,58.5,1,Good
58.2,0.5,38.9,46.1,53.0,7.6,7.4,57.2,58.6,4,Poor
94.6,5.4,85.8,76.2,65.0,7.0,1.6,75.9,74.9,0,Excellent
65.6,0.5,59.3,65.8,43.2,6.1,6.3,71.0,46.4,1,Poor
75.6,1.8,68.8,63.7,64.1,5.6,5.2,61.1,45.2,2,Average
79.4,5.1,77.5,98.0,63.1,4.7,2.8,91.5,81.4,0,Excellent
89.5,4.4,83.5,77.3,78.9,6.5,4.4,73.6,80.8,1,Good
64.7,1.5,52.2,48.7,64.4,7.9,8.4,56.8,40.3,1,Poor
68.4,1.0,74.5,65.0,68.0,3.7,5.0,66.6,61.4,2,Average
64.2,3.0,58.2,70.0,76.4,4.4,5.2,86.5,24.6,4,Average
82.9,3.8,72.3,86.9,82.1,7.1,5.4,77.2,71.7,1,Good
84.4,3.3,78.4,62.8,51.1,5.1,5.6,69.9,62.3,4,Average
85.4,2.0,42.9,48.6,55.2,8.3,5.8,85.7,15.8,5,Poor
89.1,7.3,98.7,95.6,87.0,7.8,3.8,76.7,65.9,0,Excellent
76.0,2.7,72.6,47.2,55.2,5.9,3.3,63.2,56.6,0,Average
81.4,6.1,71.1,72.5,73.6,5.3,1.4,71.2,54.7,0,Excellent
81.1,3.4,67.4,71.0,65.6,7.2,5.7,76.1,76.1,0,Good
84.5,3.1,70.0,73.6,49.9,6.5,5.5,74.1,48.4,1,Good
85.7,4.1,71.9,54.4,42.3,7.0,4.3,86.1,41.8,2,Good
90.7,5.5,76.8,70.7,76.8,9.1,2.8,94.6,64.1,1,Good
85.5,2.7,70.1,47.0,80.4,6.3,6.5,59.8,48.4,0,Average
67.2,0.5,67.1,54.2,60.5,7.1,5.9,78.8,44.4,5,Poor
70.3,2.3,72.0,70.9,51.3,7.5,7.5,66.3,67.4,0,Average
79.9,2.7,57.9,45.2,50.6,8.9,6.9,79.9,55.3,3,Poor
71.7,0.5,45.8,74.8,54.5,7.5,8.8,67.2,40.8,3,Poor
90.3,3.1,76.6,72.5,68.5,5.8,3.3,78.9,70.8,1,Good
84.3,0.5,65.3,63.7,57.5,7.0,7.5,68.8,38.5,2,Average
75.8,2.0,80.8,62.4,70.5,8.7,8.3,84.3,79.7,0,Good
73.3,0.9,68.8,57.3,49.4,9.5,8.4,51.9,44.6,3,Poor
61.0,2.3,86.3,62.4,75.0,9.2,6.1,64.3,19.2,3,Average
68.2,0.5,53.0,39.9,44.1,5.2,5.5,52.7,45.5,6,Poor
79.3,3.3,53.6,54.8,52.4,6.8,5.2,84.9,53.0,2,Average
76.5,1.8,56.5,34.7,57.2,7.2,6.9,71.2,23.0,0,Average
71.6,4.1,80.9,74.6,77.9,5.4,3.3,91.0,85.7,0,Good
76.9,2.0,86.5,89.6,58.0,6.9,6.0,75.4,55.9,0,Good
67.3,1.4,46.8,45.2,62.1,8.1,5.7,57.8,45.4,1,Average
83.6,2.5,58.0,60.3,56.4,6.0,5.7,69.6,59.8,0,Average
60.2,2.9,55.3,50.4,58.6,7.9,3.5,46.3,52.3,2,Average
68.6,1.3,52.2,57.0,46.0,7.4,6.4,69.7,48.4,1,Poor
60.8,1.2,64.0,52.2,47.7,6.7,6.8,66.7,63.2,4,Poor
84.2,3.0,59.3,69.3,80.2,7.1,2.2,81.4,72.0,2,Good
60.0,0.7,55.6,49.4,41.1,6.6,6.1,69.1,44.1,4,Poor
84.9,4.2,75.7,77.2,74.7,6.1,2.7,95.3,57.4,1,Excellent
75.3,3.7,71.7,86.4,83.3,7.1,4.0,91.7,71.8,0,Excellent
79.8,4.0,79.5,61.9,80.4,5.2,1.7,77.4,64.2,3,Average
53.4,1.2,49.7,75.9,38.7,9.1,7.4,81.1,23.4,3,Poor
82.1,2.1,58.4,44.9,70.0,6.3,7.5,68.1,71.2,3,Poor
59.5,1.7,47.6,37.0,66.5,6.6,6.5,74.5,24.3,2,Poor
76.4,4.4,75.9,71.2,64.8,9.4,6.4,60.0,70.5,3,Average
65.4,0.5,58.5,44.4,64.1,5.8,7.1,54.0,40.0,3,Poor
63.4,0.7,70.0,62.1,59.1,6.3,4.4,79.6,47.7,3,Poor
77.9,4.5,76.6,77.7,79.1,4.8,4.5,81.4,73.1,1,Good
84.9,6.2,75.5,53.8,63.7,7.7,6.4,94.6,56.3,0,Excellent
57.8,0.5,46.5,59.1,45.9,6.4,4.7,62.3,52.8,2,Poor
84.9,4.1,74.3,75.8,69.0,7.0,8.5,80.1,53.0,1,Good
92.5,0.7,78.5,69.9,79.0,5.4,4.2,87.4,29.7,1,Average
80.7,6.9,80.8,90.2,81.1,5.7,5.6,97.7,89.5,0,Good
63.5,0.5,61.3,59.9,78.5,6.6,7.2,45.3,46.0,3,Poor
72.6,3.1,45.9,42.8,51.7,7.7,6.7,38.6,39.0,2,Average
84.5,0.5,64.0,56.5,60.7,5.4,4.7,56.6,47.9,2,Poor
90.9,4.8,85.2,76.2,67.0,4.4,4.6,99.4,74.5,0,Excellent
77.4,2.2,55.5,52.2,57.7,5.1,1.6,48.7,71.2,2,Average
81.0,4.6,79.1,80.9,74.5,10,0.8,88.3,77.3,0,Good
94.8,4.3,71.9,79.0,73.3,4.4,3.8,75.5,46.1,3,Good
73.6,3.8,63.1,59.5,63.8,8.4,3.6,65.0,50.1,2,Good
83.7,2.9,67.7,57.1,52.2,8.1,6.1,74.0,35.9,2,Average
89.5,5.7,75.9,72.8,74.5,8.6,4.5,86.3,77.8,0,Excellent
85.2,5.3,69.0,61.6,70.7,6.8,7.2,69.9,67.4,0,Good
84.5,5.2,75.7,95.8,81.8,6.3,4.0,85.5,53.4,0,Excellent
68.2,4.2,60.2,46.2,75.3,6.9,4.5,51.8,55.7,4,Poor
83.1,3.2,87.6,61.1,79.9,7.7,5.6,61.5,54.6,0,Good
82.4,6.5,85.3,62.1,75.0,7.0,1.9,68.7,84.7,0,Excellent
78.1,4.1,70.0,55.7,55.3,9.4,6.3,69.3,77.0,1,Average
95.8,7.0,79.0,99.9,88.8,7.7,4.9,75.3,78.2,1,Excellent
74.7,0.5,56.9,41.2,48.6,10,6.4,79.1,42.7,4,Poor
89.6,4.3,83.3,79.5,75.0,6.9,3.5,90.3,73.4,0,Good
65.3,3.7,74.3,66.1,56.2,7.9,4.1,81.4,53.9,3,Average
82.8,4.8,71.4,69.4,74.1,8.3,4.5,66.0,55.8,0,Excellent
100,7.1,84.9,54.3,100,9.3,2.3,100,75.1,1,Excellent
71.0,0.5,74.4,70.2,62.1,6.0,4.2,62.0,45.8,4,Poor
89.8,4.2,90.4,64.9,80.4,9.1,3.8,51.6,78.9,0,Good
63.0,0.6,47.3,56.8,53.2,8.5,4.1,46.5,52.3,4,Poor
63.9,1.3,58.5,55.5,66.2,7.8,6.8,57.2,48.7,0,Average
79.6,3.7,62.8,65.7,50.1,8.3,7.2,63.6,60.6,2,Average
77.1,2.5,60.7,71.0,41.4,6.3,7.0,46.3,41.3,4,Poor
98.6,4.2,60.6,58.6,94.7,7.5,6.5,79.8,60.3,0,Good
83.3,2.4,54.1,61.8,51.8,9.4,6.6,62.4,50.5,1,Average
63.2,2.4,42.6,43.3,64.9,7.5,7.5,68.3,32.5,2,Average
63.1,0.5,64.1,50.8,50.2,8.7,5.0,47.2,44.8,4,Poor
75.2,3.6,65.6,75.2,66.0,7.7,7.5,70.6,76.5,1,Good
70.2,1.9,41.2,69.3,54.7,6.7,6.4,33.7,41.9,2,Average
98.0,4.8,77.6,81.8,57.6,8.1,2.6,65.7,62.0,0,Excellent
99.9,6.0,74.4,79.0,78.2,6.6,3.1,86.3,70.7,0,Excellent
82.9,2.3,87.3,78.9,74.2,6.4,6.6,71.2,55.9,3,Average
58.1,3.6,63.8,61.4,58.3,7.5,5.0,68.5,63.9,2,Average
85.7,5.2,79.4,76.8,63.1,6.4,4.0,88.1,67.0,0,Excellent
73.5,0.7,62.8,35.7,43.8,4.3,5.9,72.6,21.4,4,Poor
78.7,5.3,72.8,72.8,77.0,7.7,2.0,94.3,76.2,1,Excellent
100,3.5,68.0,67.8,75.1,8.2,1.7,65.3,54.3,2,Good
87.4,6.4,65.3,79.0,65.3,8.5,2.9,88.2,42.2,2,Good
100,4.0,96.0,76.3,88.6,8.4,2.1,89.1,69.3,1,Excellent
78.9,3.0,62.8,55.4,45.4,8.3,8.0,53.3,29.7,2,Poor
65.1,1.0,59.0,28.7,46.6,6.4,7.5,47.3,50.3,2,Poor
100,5.4,82.4,67.8,61.3,6.6,4.1,96.5,79.0,2,Excellent
84.4,4.5,79.0,61.0,60.6,9.0,2.9,84.6,65.7,1,Good
79.1,1.0,34.5,42.2,62.0,7.8,7.3,71.4,35.3,4,Poor
77.9,2.9,74.0,62.7,79.6,6.2,6.1,74.1,72.1,1,Good
69.2,0.5,40.0,77.3,54.5,4.7,5.4,51.2,46.2,2,Poor
81.4,4.6,82.6,77.9,84.2,7.9,3.3,99.7,100,0,Excellent
79.0,3.2,46.8,58.7,51.4,6.7,5.8,74.4,44.8,3,Average
87.3,2.9,68.5,57.9,49.4,6.1,4.6,65.9,47.9,1,Average
87.8,0.5,64.7,58.3,55.0,5.6,7.1,81.0,56.5,3,Poor
83.6,3.4,77.5,75.8,61.1,8.2,3.1,86.0,67.4,2,Good
88.6,3.4,66.7,90.9,66.5,6.7,3.2,78.8,50.3,0,Good
71.3,0.5,65.9,70.3,50.9,7.5,7.8,53.6,51.0,3,Poor
66.8,0.8,52.2,41.6,60.2,7.3,8.2,61.1,47.2,4,Poor
63.9,0.5,39.1,45.1,69.3,6.2,6.0,47.4,30.0,3,Poor
70.3,1.5,69.4,69.2,56.5,7.4,7.1,74.4,40.6,1,Poor
82.8,2.7,67.6,78.9,65.2,7.0,3.5,89.0,85.7,1,Good
71.6,1.9,57.6,48.0,56.3,6.9,5.1,62.1,32.3,5,Poor
80.0,2.2,47.1,44.3,73.1,4.8,5.2,80.4,19.8,4,Poor
80.3,1.9,65.3,67.7,75.7,5.8,6.0,69.7,79.3,3,Average
61.2,1.2,68.8,40.8,44.3,6.1,6.4,64.0,46.9,1,Poor
78.9,1.9,68.2,61.3,57.5,9.9,5.5,81.1,40.1,1,Average
83.7,4.0,78.1,69.8,70.9,10,1.9,70.6,55.0,0,Good
66.1,0.5,56.1,48.6,55.5,7.0,7.9,77.0,63.0,4,Poor
71.9,0.5,46.4,53.1,44.7,5.6,4.6,47.1,58.1,5,Poor
89.4,6.1,66.5,54.6,79.7,7.1,6.2,56.8,82.0,2,Good
65.9,1.9,58.9,46.9,57.6,6.1,7.8,71.6,12.1,3,Poor
90.6,5.0,77.0,68.4,75.9,6.4,4.5,84.6,58.9,2,Good
84.6,5.8,75.8,52.2,77.0,6.0,6.3,100,57.1,1,Good
87.1,6.3,80.3,87.9,69.5,6.1,3.3,95.9,86.8,0,Excellent
67.3,0.5,60.8,49.7,39.0,7.1,5.8,71.1,34.2,4,Poor
74.5,0.7,45.7,36.0,48.8,8.4,4.3,49.7,38.0,4,Poor
83.4,2.8,88.3,50.0,63.5,7.9,6.5,63.9,67.8,1,Average
68.6,0.5,61.8,55.1,50.1,7.9,6.6,59.6,43.8,3,Poor
68.1,0.5,65.7,43.2,49.5,5.7,7.5,63.8,62.5,1,Poor
77.4,7.1,86.0,60.2,81.7,6.2,3.1,84.3,50.4,0,Excellent
94.1,4.7,93.5,76.1,67.5,7.4,2.6,72.8,100,1,Excellent
91.4,3.1,76.8,81.5,84.6,6.6,3.2,92.7,76.8,1,Excellent
93.2,4.3,66.0,72.0,87.1,8.1,4.5,81.5,82.0,0,Excellent
60.2,1.0,61.7,43.1,41.3,9.3,7.1,30.6,49.6,1,Poor
81.7,4.3,72.5,63.2,51.7,7.1,4.4,73.1,71.2,1,Good
71.5,2.3,73.8,67.4,62.0,7.0,3.7,76.3,49.6,1,Average
73.7,0.9,51.8,58.1,48.3,5.5,7.7,73.1,55.7,2,Poor
73.5,2.0,69.9,58.5,73.2,8.3,3.3,75.9,71.7,1,Good
83.3,5.1,94.7,65.7,68.1,5.1,3.4,82.5,49.8,0,Good
69.6,1.9,55.1,27.8,52.0,7.5,5.8,51.7,48.7,1,Poor
78.7,2.9,72.5,54.5,65.6,7.1,3.9,66.7,68.0,2,Average
93.3,6.2,89.9,81.0,70.2,5.9,3.2,73.3,69.1,0,Excellent
89.1,6.1,90.3,87.2,73.3,6.7,2.4,98.4,52.4,0,Excellent
80.9,4.2,71.5,76.0,86.1,6.4,1.1,100,95.2,2,Good
81.6,8.1,85.1,79.4,93.5,7.2,2.0,93.8,82.1,0,Excellent
62.4,2.8,68.6,81.9,57.0,7.9,4.6,90.1,64.5,3,Good
80.3,3.4,74.7,70.8,65.2,6.5,4.0,51.4,63.8,1,Good
92.0,7.1,84.2,93.5,77.1,5.5,1.6,79.1,69.4,1,Excellent
65.5,0.5,61.0,37.5,54.8,6.0,6.6,61.7,52.2,2,Poor
81.1,3.9,49.0,74.4,86.4,8.3,3.4,87.3,58.6,2,Good
80.1,3.6,75.3,33.9,78.8,6.6,3.8,70.6,15.7,1,Good
69.9,6.1,81.4,79.0,73.2,7.5,4.6,86.4,70.9,0,Excellent
76.8,1.9,51.6,48.9,52.9,5.9,4.2,57.4,30.7,1,Poor
78.4,3.9,62.5,81.5,66.9,9.0,5.0,76.5,62.9,2,Average
97.7,6.4,99.3,69.2,88.7,5.7,4.5,83.2,70.8,0,Good
55.5,0.5,61.5,45.0,51.0,8.4,5.1,28.9,58.8,3,Poor
76.3,3.3,74.6,81.5,66.3,7.9,3.5,100,54.9,0,Excellent
82.3,2.5,61.5,65.8,40.9,4.6,6.7,69.6,72.6,2,Poor
93.7,3.7,76.4,65.1,64.7,6.1,3.6,58.6,56.0,0,Good
100.0,3.4,61.1,68.3,48.4,5.3,5.9,82.0,65.3,0,Average
86.9,3.1,59.5,61.5,53.3,5.6,6.0,90.5,74.4,2,Average
87.3,2.2,66.2,82.9,76.7,7.6,4.4,85.3,63.6,0,Good
60.5,0.8,61.0,45.0,61.4,6.6,4.8,39.2,26.8,4,Poor
91.4,6.3,77.1,86.3,84.5,7.2,2.6,100,72.2,0,Excellent
68.1,0.5,49.9,55.7,65.2,6.1,5.4,75.4,50.0,0,Average
80.9,5.1,100,64.3,70.8,6.3,2.8,98.7,86.7,0,Excellent
98.5,6.4,99.1,100,81.2,7.1,4.4,97.7,91.5,0,Excellent
69.1,2.1,42.4,42.0,67.5,7.5,8.6,44.2,37.6,3,Poor
51.9,0.5,53.7,66.8,46.4,9.4,3.7,70.6,46.2,3,Poor
71.2,0.5,57.1,49.9,53.9,5.5,7.0,62.8,45.0,4,Poor
60.2,3.5,65.3,61.8,71.5,5.4,4.0,57.5,61.9,2,Average
62.5,0.5,56.8,50.8,55.1,7.9,5.6,50.1,54.8,3,Poor
76.8,2.5,79.6,60.0,64.5,7.8,4.1,72.0,73.1,0,Good
59.5,0.9,49.7,41.8,42.1,7.2,5.4,52.1,5,4,Poor
80.9,2.7,97.1,66.1,73.1,6.7,2.0,99.8,82.6,0,Excellent
86.3,3.4,80.1,76.6,69.0,8.3,2.0,83.2,75.6,0,Good
71.8,3.4,76.4,66.8,70.2,8.9,8.1,89.3,55.6,2,Average
81.7,6.9,57.5,75.4,70.1,7.6,3.8,57.7,62.2,2,Good
78.7,6.9,75.8,81.6,75.5,8.4,0.5,80.3,64.2,0,Excellent
64.6,0.5,48.4,54.3,53.3,6.5,6.4,34.6,28.9,2,Poor
87.1,5.1,87.2,84.5,67.2,6.8,2.7,98.2,61.5,1,Excellent
69.6,1.7,68.7,59.2,47.6,6.7,6.4,68.1,49.0,1,Average
69.8,3.4,72.2,62.0,71.4,5.7,5.5,55.1,52.1,0,Average
76.4,2.4,70.3,43.9,59.9,5.3,6.3,64.7,64.7,1,Average
67.8,0.5,65.7,45.8,43.6,8.0,6.3,48.1,28.5,4,Poor
85.4,3.7,83.7,71.4,41.8,5.9,5.1,72.4,55.9,0,Good
86.6,4.6,76.8,67.4,70.3,7.2,1.4,100,83.6,0,Good
90.2,3.2,75.4,83.4,59.3,8.1,4.2,96.8,83.6,1,Good
82.0,2.8,46.1,71.8,58.5,9.1,5.1,80.5,59.2,1,Average
86.0,5.9,70.4,81.8,63.3,5.8,7.0,68.5,63.0,0,Good
88.2,3.9,78.9,48.5,67.0,6.9,2.4,90.3,63.5,0,Excellent
85.7,5.1,68.6,75.6,78.4,6.7,7.2,84.2,73.7,1,Good
83.4,5.7,61.9,72.8,75.1,6.4,4.8,63.9,84.5,1,Good
95.0,3.1,85.9,83.6,80.4,8.3,1.1,100,58.7,1,Excellent
83.1,1.6,69.5,65.7,64.4,7.4,3.6,79.0,47.8,3,Average
63.8,3.9,56.6,100,77.4,7.8,5.2,70.5,80.1,1,Good
70.5,2.3,56.4,68.1,58.7,6.0,3.4,84.0,58.5,3,Poor
78.3,5.0,78.0,77.1,95.9,6.3,5.0,63.4,45.9,3,Good
82.1,4.4,83.8,58.6,85.7,6.6,6.6,67.7,92.6,3,Good
80.1,2.8,59.3,73.4,59.2,6.5,4.4,78.9,53.5,2,Good
70.3,0.5,70.8,37.6,65.2,8.7,5.8,71.5,42.6,2,Poor
77.5,0.5,62.6,54.6,57.3,5.4,6.8,62.2,49.4,3,Poor
79.8,0.9,78.7,69.7,69.4,6.5,3.7,68.7,42.9,0,Average
84.3,2.9,74.5,58.7,61.0,7.8,5.4,70.7,69.5,1,Good
73.6,2.2,65.6,73.4,61.8,6.5,5.9,40.5,52.3,3,Average
98.0,5.0,91.9,79.5,78.1,8.6,2.9,100,87.3,0,Excellent
74.2,3.5,58.3,49.9,60.5,8.6,3.0,70.3,82.4,1,Average
80.6,4.0,91.7,69.1,83.5,7.8,5.1,72.7,29.8,2,Good
92.0,2.9,74.7,100,59.0,7.6,6.0,81.3,57.8,1,Good
67.9,0.5,51.3,47.4,38.8,7.1,8.3,51.2,35.5,3,Poor
75.8,0.5,42.3,48.0,45.3,6.7,7.1,86.2,51.2,2,Poor
57.7,0.6,46.2,49.3,49.5,5.7,6.6,71.3,28.0,5,Poor
52.8,1.9,57.4,59.5,65.6,6.1,7.2,42.0,49.1,3,Poor
86.9,7.0,80.8,79.8,70.0,6.0,5.1,90.6,55.9,0,Excellent
78.3,2.8,71.9,56.2,56.8,5.5,6.1,56.1,53.1,3,Average
84.3,2.2,90.6,54.7,90.5,7.5,5.5,88.8,42.4,0,Good
76.7,5.2,75.6,100,100.0,9.5,2.6,89.3,100,0,Excellent
63.5,1.0,66.2,58.5,59.9,5.5,5.7,47.7,34.7,2,Poor
79.0,2.7,57.9,57.9,61.4,6.7,4.4,75.6,36.4,0,Average
83.1,6.2,89.9,75.6,68.3,6.5,5.3,83.5,93.6,1,Excellent
81.2,2.9,55.6,43.0,68.2,6.3,4.5,40.8,55.8,3,Average
88.5,2.2,57.1,81.1,73.3,8.1,4.8,78.2,89.1,0,Good
50.6,0.8,70.6,33.0,73.4,6.3,9.2,47.6,59.4,2,Poor
71.4,2.1,62.5,37.1,50.0,4.8,8.3,36.4,30.3,4,Poor
56.8,2.2,77.7,68.9,67.5,6.1,7.0,51.1,30.9,3,Average
76.8,4.2,67.1,75.6,75.3,7.2,5.7,90.2,85.3,0,Good
73.0,1.8,65.8,61.8,58.7,6.0,1.8,59.8,34.6,2,Average
81.4,4.6,61.9,84.7,70.2,4.8,1.2,59.1,62.5,1,Good
78.7,6.2,98.3,79.0,73.2,8.2,4.1,82.6,87.0,1,Excellent
78.1,3.2,54.9,51.6,54.1,8.1,5.3,79.2,44.0,1,Average
64.1,1.2,65.6,58.8,48.9,6.0,6.4,71.8,44.4,2,Poor
75.5,2.0,74.6,50.2,68.7,5.2,7.6,69.5,42.1,1,Average
91.4,1.5,59.3,61.1,50.9,7.7,4.0,69.3,84.5,0,Good
81.5,3.9,76.9,71.9,58.3,7.5,1.9,82.7,79.1,1,Excellent
76.2,3.0,87.2,77.3,67.3,6.3,1.6,80.3,57.2,0,Good
62.7,0.5,37.4,39.3,56.3,7.2,8.6,54.0,64.2,1,Poor
70.4,0.5,45.9,51.3,52.6,6.8,4.2,56.1,59.0,3,Poor
82.9,4.6,63.5,64.2,85.5,8.8,4.3,54.6,62.6,0,Average
86.5,4.5,82.1,76.7,81.5,6.3,4.2,73.0,72.8,2,Good
58.9,2.5,52.2,47.7,28.7,4.7,6.3,51.1,80.6,3,Poor
78.6,2.3,83.1,55.2,61.0,7.3,4.7,66.5,51.9,2,Good
90.3,1.1,58.5,56.3,77.2,5.5,2.3,71.0,39.6,2,Average
77.4,4.3,70.6,93.4,62.6,6.2,5.0,54.4,63.5,0,Good
100,5.2,100,71.2,69.5,6.7,5.5,81.9,85.6,0,Excellent
100,3.1,82.9,83.4,79.9,7.9,0.5,82.0,50.2,1,Excellent
80.4,3.2,63.4,69.8,62.2,7.2,3.4,72.3,82.7,2,Good
82.8,0.9,66.0,44.4,58.7,5.6,5.0,51.1,90.0,3,Poor
86.9,3.8,100,86.3,74.3,8.8,1.3,83.4,74.8,0,Excellent
74.0,3.1,82.5,73.7,64.0,6.9,4.0,69.0,61.1,2,Average
93.9,4.7,79.1,54.1,71.1,6.9,3.1,64.9,71.2,2,Good
87.7,4.5,100,68.0,60.3,10,3.0,93.4,64.0,0,Good
81.8,3.7,58.9,46.0,53.5,8.1,3.7,98.5,40.3,0,Good
66.6,1.3,46.2,51.6,45.6,7.0,6.8,54.8,36.2,3,Poor
76.9,2.6,72.0,67.9,65.9,7.0,3.3,97.4,57.1,3,Good
74.6,2.0,66.3,59.7,63.0,4.8,6.9,73.5,63.7,2,Poor
63.9,0.8,49.7,48.6,60.6,6.9,6.8,34.3,41.0,5,Poor
73.7,1.6,59.5,71.6,51.1,6.8,3.4,66.0,49.6,4,Average
90.0,5.9,63.2,85.1,88.2,7.4,2.3,87.7,67.2,0,Excellent
82.2,1.9,81.3,65.4,67.1,8.4,7.2,97.1,74.4,0,Good
62.4,0.5,61.9,44.1,53.9,7.0,6.7,56.0,52.9,3,Poor
65.6,1.9,58.6,54.1,57.4,8.5,5.0,60.6,68.0,1,Average
85.5,3.7,66.9,100,57.4,7.3,0.5,95.0,77.9,1,Excellent
63.6,3.4,79.5,80.8,85.9,7.2,3.4,61.7,72.5,0,Good
53.5,2.1,41.1,67.0,41.9,7.9,3.1,64.7,27.6,3,Poor
62.3,0.5,52.7,45.0,38.4,6.6,4.8,68.3,29.7,3,Poor
74.6,2.3,70.7,67.7,60.1,6.6,4.1,76.2,42.6,3,Average
56.1,0.5,70.0,62.7,59.0,7.0,4.8,63.6,31.0,3,Average
91.1,4.4,73.4,85.9,82.6,6.6,2.0,100,58.6,0,Excellent
81.6,5.3,78.3,99.9,80.1,6.4,4.0,98.2,70.5,0,Good
77.0,3.4,62.4,57.9,74.0,6.3,4.6,62.5,72.5,2,Average
87.3,3.9,87.6,75.7,75.0,6.2,1.7,83.5,100,0,Excellent
88.5,1.0,63.1,57.6,66.3,6.1,5.9,66.1,39.2,0,Average
67.5,3.0,78.3,79.8,53.5,6.8,6.9,73.9,55.9,3,Good
82.1,2.8,98.1,95.0,85.4,7.2,2.4,100,81.5,0,Excellent
75.4,6.6,76.9,66.7,75.0,7.3,5.3,53.5,63.0,0,Excellent
89.6,4.4,71.6,82.2,69.4,7.5,6.4,79.5,60.2,0,Excellent
93.2,5.4,81.4,72.4,75.2,7.5,2.6,100,80.7,0,Excellent
71.1,0.5,56.0,38.0,37.9,9.6,6.5,63.8,38.8,4,Poor
93.7,6.1,63.3,93.7,62.7,7.3,0.9,91.7,79.4,0,Excellent
88.4,2.1,75.8,70.9,90.1,7.6,6.0,86.8,100,0,Good
72.7,2.2,57.3,69.1,66.9,8.0,4.6,71.0,52.0,0,Good
81.1,4.8,58.4,73.1,71.5,9.3,7.0,70.8,62.5,2,Average
69.7,4.8,77.2,78.2,72.2,6.4,7.3,73.1,62.9,2,Good
83.9,5.2,68.3,56.8,50.0,8.3,3.6,63.5,54.7,3,Good
78.4,3.5,79.5,87.5,77.5,7.0,3.6,77.1,94.9,0,Good
89.9,4.0,67.7,62.5,64.8,6.9,5.4,45.6,51.9,0,Good
63.4,0.6,46.2,36.5,65.2,5.1,6.6,38.6,88.3,4,Poor
97.2,5.5,72.2,82.4,96.2,6.0,0.5,93.8,68.6,0,Excellent
75.7,4.7,75.8,59.7,99.6,8.0,5.4,59.7,77.3,1,Good
77.3,1.6,71.1,57.2,57.1,7.7,4.8,70.4,66.0,2,Average
99.1,5.0,72.5,85.6,77.1,10,4.8,97.7,81.0,0,Excellent
73.8,4.8,64.1,46.2,66.6,6.7,5.1,72.8,34.8,1,Average
84.3,4.6,89.3,78.0,74.1,7.8,3.3,76.2,80.7,0,Excellent
85.7,6.5,67.3,92.5,89.3,7.1,2.8,98.0,57.4,0,Excellent
81.0,1.7,66.3,68.4,58.8,5.4,4.3,94.2,69.0,2,Average
63.7,0.5,41.8,48.8,70.5,5.2,8.0,60.9,48.4,5,Poor
58.6,1.0,44.0,48.1,51.8,7.6,5.1,61.8,48.9,2,Average
82.2,4.3,87.8,67.1,92.0,6.2,3.3,92.1,88.8,0,Good
83.8,2.8,84.8,77.1,65.3,6.8,4.5,68.2,47.7,2,Good
75.8,1.5,52.9,46.9,44.0,5.6,7.3,58.9,55.2,4,Poor
94.4,4.0,76.5,80.4,74.9,6.3,5.2,77.2,49.6,0,Good
72.4,3.7,69.2,61.7,62.3,8.8,6.7,75.5,54.2,0,Average
72.4,2.3,64.2,64.2,71.5,6.7,1.8,57.5,61.3,2,Average
56.6,0.5,48.3,40.2,61.5,8.3,5.9,57.9,49.2,3,Poor
89.5,2.6,67.0,67.9,59.0,8.4,5.7,100,47.2,2,Good
69.4,4.1,59.5,71.3,64.5,7.6,4.4,57.7,76.1,2,Good
100,7.1,82.6,71.6,74.3,6.1,3.9,100,76.9,0,Excellent
72.4,3.8,75.7,49.6,64.7,7.7,3.3,82.9,43.5,2,Good
87.6,5.3,76.0,87.5,85.4,6.5,0.5,92.8,93.3,0,Excellent
82.3,3.0,85.5,71.4,92.2,7.9,5.6,73.3,76.6,0,Excellent
85.2,4.6,70.3,81.4,68.7,5.9,4.6,80.7,35.5,0,Good
75.3,0.5,64.3,54.5,58.2,6.6,3.6,47.9,79.5,1,Average
91.4,3.5,72.8,78.6,74.3,8.4,3.8,73.2,75.1,0,Good
75.9,2.0,67.3,64.6,84.1,5.3,7.4,75.7,72.7,2,Average
53.3,1.1,57.9,46.3,40.1,7.1,5.5,71.3,42.5,5,Poor
85.7,5.3,73.2,73.9,61.8,7.1,6.1,77.3,71.9,1,Good
77.6,3.8,85.1,72.7,69.9,7.7,4.0,71.9,43.3,1,Good
63.5,2.1,54.9,58.4,69.1,5.7,6.4,75.3,45.4,1,Average
78.8,2.4,60.7,58.7,63.2,6.7,3.8,61.9,51.5,3,Average
79.2,3.3,71.4,46.4,36.6,8.1,3.3,49.1,42.4,3,Poor
68.8,1.3,49.9,59.5,54.2,8.0,7.7,42.7,22.9,4,Poor
80.0,0.5,58.1,39.0,60.2,5.4,4.9,52.0,30.4,3,Poor
60.0,0.7,40.4,50.7,39.7,6.8,3.9,44.5,35.8,2,Poor
72.2,3.2,64.8,44.5,74.2,8.2,5.8,58.0,67.2,1,Average
74.9,4.6,78.1,94.0,82.7,6.6,2.9,84.3,86.3,1,Excellent
72.7,0.9,58.5,66.1,49.4,6.6,8.1,52.2,31.1,4,Poor
83.6,4.6,86.0,68.0,84.8,6.0,1.9,73.8,41.3,0,Good
83.7,5.5,79.5,56.0,73.3,6.3,3.2,72.3,83.0,0,Excellent
90.4,2.6,83.5,67.6,81.0,6.7,6.2,84.4,71.4,0,Good
82.8,4.4,77.0,91.4,75.9,6.2,3.2,88.9,95.3,1,Excellent
47.6,0.5,57.6,33.0,54.5,7.4,4.8,54.5,29.4,4,Poor
88.0,5.3,76.6,69.7,63.5,6.7,5.8,98.9,72.1,2,Excellent
72.5,2.8,42.7,56.4,55.0,7.0,8.8,51.9,40.8,2,Poor
69.8,0.6,56.5,52.6,64.5,6.4,5.3,60.3,39.1,3,Poor
64.1,0.5,50.8,40.0,52.3,7.3,6.1,77.0,55.0,2,Poor
60.0,0.8,58.4,45.6,55.2,6.7,5.8,44.8,53.5,3,Poor
75.0,2.1,55.4,45.0,64.6,6.9,7.0,63.7,35.1,1,Average
93.7,4.2,73.9,84.2,66.0,8.9,6.8,68.6,69.9,0,Good
73.4,2.9,66.2,47.6,48.7,6.9,6.4,40.2,47.3,4,Poor
88.3,2.9,68.3,80.7,70.1,5.7,5.7,61.2,58.1,1,Average
97.2,5.9,95.6,72.3,86.8,6.6,2.6,72.1,59.6,1,Excellent
66.2,0.5,48.0,43.2,52.5,5.4,4.9,63.7,33.2,1,Poor
63.7,0.6,61.2,30.8,27.2,6.6,8.4,51.2,50.6,4,Poor
77.8,6.8,76.8,65.7,91.1,6.7,3.6,81.6,64.8,1,Excellent
70.5,1.6,58.8,39.9,41.1,6.3,5.2,73.5,43.5,2,Poor
95.1,5.1,75.1,92.9,76.6,8.9,2.0,70.7,81.9,0,Excellent
77.4,3.7,67.1,63.5,69.7,6.4,3.7,76.1,38.8,0,Good
69.7,0.5,59.3,61.2,43.5,7.0,5.9,28.7,27.6,3,Poor
75.1,2.7,67.2,46.5,54.9,7.6,9.0,75.9,42.2,4,Poor
88.2,6.7,82.9,83.1,53.6,8.8,4.7,96.1,73.0,0,Excellent
87.4,3.3,67.9,68.3,67.0,7.2,7.6,88.3,48.4,2,Good
65.0,0.7,47.4,59.9,49.2,7.7,7.0,72.0,40.3,1,Poor
94.7,6.8,83.7,80.5,72.9,7.4,5.4,93.0,74.3,0,Good
82.9,5.5,89.3,82.9,74.0,7.8,6.8,63.2,66.8,1,Good
82.5,6.7,68.6,73.1,81.4,5.6,4.3,100,99.7,1,Good
97.5,4.4,78.7,86.4,53.2,7.9,3.4,92.7,47.0,0,Good
79.2,3.6,63.3,68.9,62.8,7.3,5.5,72.5,72.9,0,Good
64.7,1.1,81.8,59.6,58.6,8.7,5.7,61.5,37.1,2,Average
85.1,2.9,78.2,63.5,75.5,4.5,8.0,72.8,68.1,2,Average
54.2,0.5,68.2,25.1,39.9,8.0,6.4,49.2,26.7,2,Poor
75.8,0.8,59.1,54.7,59.3,6.7,7.9,47.4,38.7,3,Poor
70.1,1.3,88.5,57.2,70.7,8.2,5.9,66.6,61.3,1,Average
81.1,5.9,84.9,74.2,76.6,6.0,3.7,86.4,82.6,1,Excellent
87.8,5.9,79.7,98.1,57.8,7.0,3.7,90.8,80.2,0,Excellent
60.4,1.0,57.7,56.2,64.2,6.5,4.9,61.2,46.5,3,Poor
69.7,3.3,46.0,57.1,42.7,6.8,3.7,67.6,24.6,2,Poor
58.9,0.5,57.8,53.6,48.7,7.2,6.9,90.8,60.2,3,Poor
90.5,3.4,74.4,74.1,55.4,6.7,2.2,86.7,83.9,2,Good
71.1,3.5,68.9,72.1,73.8,7.3,3.5,64.7,80.1,0,Good
85.8,4.1,61.1,61.6,55.1,6.6,7.4,68.4,33.6,3,Average
76.4,1.0,69.5,32.9,61.3,7.9,6.4,58.7,64.5,3,Poor
77.6,1.5,78.0,68.4,58.4,6.2,2.8,84.3,39.1,2,Average
80.5,2.4,67.5,53.3,69.4,9.3,5.6,69.9,40.1,4,Average
91.1,3.6,69.8,62.9,70.6,5.7,4.3,72.1,58.7,0,Good
86.4,4.7,75.4,66.3,75.2,5.3,5.1,88.2,66.4,1,Good
78.5,1.3,55.5,41.2,56.2,7.1,6.0,56.2,11.0,4,Poor
75.1,7.0,63.9,79.4,91.8,6.6,5.3,70.4,72.5,1,Good
72.0,1.0,69.2,56.6,69.2,5.9,4.2,84.6,35.5,2,Poor
89.1,2.3,85.1,68.4,68.5,7.0,4.1,84.9,53.7,2,Good
82.7,4.9,81.6,69.6,77.0,7.0,0.8,67.6,63.4,0,Excellent
64.8,0.5,59.3,24.2,65.2,7.5,6.3,58.2,68.7,0,Average
71.1,2.4,72.3,57.3,60.4,6.2,3.4,62.7,61.9,1,Good
72.5,1.5,61.7,66.6,36.9,5.4,2.9,63.5,40.1,5,Average
81.9,6.6,85.9,71.7,76.4,6.9,3.2,91.0,39.8,0,Excellent
68.2,3.3,73.1,39.4,85.1,6.5,6.2,74.4,53.4,1,Average
50.8,1.4,62.6,62.5,39.3,6.5,6.5,53.2,52.4,2,Poor
70.3,3.2,83.3,67.8,87.1,4.8,5.9,86.4,40.9,0,Good
59.9,2.4,64.0,56.8,62.0,6.6,7.5,77.7,46.4,3,Average
77.4,0.7,62.1,69.4,51.7,6.0,5.2,71.6,45.3,2,Poor
92.9,5.9,84.1,81.0,83.6,5.9,4.0,75.6,100.0,0,Excellent
83.4,6.0,68.4,76.1,64.9,7.9,2.7,92.9,69.9,0,Excellent
95.1,4.4,86.8,81.4,67.3,6.9,5.4,77.5,55.1,1,Good
80.7,5.6,73.7,91.5,79.2,7.6,4.2,78.0,51.0,0,Excellent
82.4,6.1,64.7,67.7,84.6,9.2,3.9,75.4,72.6,0,Good
74.8,4.0,70.2,52.3,72.7,4.4,5.5,96.0,44.6,1,Average
73.7,4.5,60.8,66.6,63.4,6.3,4.0,58.2,57.0,2,Average
77.6,2.3,55.0,59.1,58.0,6.9,4.7,69.9,32.8,1,Average
100,4.6,77.1,73.4,76.4,7.2,3.9,100,74.4,0,Excellent
96.0,0.9,58.0,49.6,56.1,6.5,6.4,64.4,65.0,4,Average
83.4,3.4,73.2,79.4,77.5,8.4,4.6,84.7,78.0,0,Good
63.3,3.9,64.7,61.7,37.0,7.0,6.4,58.6,16.6,3,Average
72.7,0.8,43.9,55.9,46.3,6.7,5.2,55.6,70.4,3,Poor
78.3,3.0,81.1,52.6,36.3,8.1,3.3,67.7,51.6,3,Average
93.9,3.8,61.7,83.0,77.3,6.8,3.8,75.7,84.5,0,Good
80.8,2.0,60.9,50.8,57.0,7.6,7.2,84.0,49.5,2,Average
80.7,3.5,84.5,74.9,81.4,7.4,6.2,73.0,44.0,2,Good
81.0,6.1,83.8,61.4,64.8,5.6,3.3,65.7,61.1,1,Good
83.2,1.0,63.6,58.3,54.8,6.3,5.3,68.9,46.8,4,Poor
88.7,3.6,78.6,66.5,80.7,7.6,4.0,60.3,67.2,0,Good
70.9,2.6,65.1,59.0,44.6,6.4,5.4,68.1,47.9,3,Average
62.7,1.3,69.7,48.9,59.0,7.5,3.3,72.6,50.6,5,Poor
55.3,1.2,58.7,52.1,39.0,8.4,7.2,57.9,42.9,2,Poor
67.0,2.3,50.2,56.9,58.1,7.4,5.2,61.5,45.1,5,Poor
84.1,5.2,83.0,92.5,70.6,6.1,1.8,83.6,83.0,2,Excellent
67.1,3.1,77.2,55.5,46.5,7.9,2.5,77.8,74.3,2,Good
69.4,1.2,52.9,54.4,47.0,8.2,5.5,72.8,53.5,2,Poor
89.6,0.8,75.4,66.6,75.6,6.5,2.4,86.2,50.0,2,Average
76.6,2.2,68.0,67.1,74.0,7.1,4.9,77.8,67.6,2,Good
91.9,3.2,79.3,66.7,73.8,7.9,1.3,74.4,79.8,0,Good
61.0,1.1,50.0,42.9,38.8,9.2,6.7,69.9,39.3,3,Poor
66.2,3.1,61.1,58.3,55.1,7.2,7.3,53.7,51.1,4,Average
52.6,1.1,63.1,52.4,48.7,7.3,6.1,47.1,26.2,3,Poor
76.8,2.1,60.1,57.1,69.5,8.0,5.6,59.8,42.9,2,Average
65.9,1.3,61.0,38.8,47.2,7.6,3.8,45.8,40.6,4,Poor
53.5,0.5,44.0,34.5,39.3,8.8,5.6,57.0,39.8,4,Poor
80.2,2.7,74.6,71.8,73.7,7.5,3.9,67.6,63.3,0,Good
73.7,1.7,43.8,43.9,49.2,5.4,4.4,45.3,64.7,2,Average
74.9,3.8,64.5,77.4,70.3,6.1,4.6,100,71.0,2,Good
71.9,0.5,38.7,51.0,59.9,7.6,7.2,65.8,49.5,2,Poor
88.0,6.8,76.1,82.1,75.0,7.3,4.3,93.0,57.1,0,Excellent
63.8,0.5,55.1,56.4,65.6,9.5,6.7,59.4,31.1,2,Poor
93.0,4.9,81.5,68.3,63.7,7.5,4.2,64.7,78.8,2,Excellent
82.7,3.7,69.9,75.2,65.4,6.5,3.2,81.6,74.2,0,Good
90.7,5.8,96.7,94.9,83.0,8.5,4.2,77.0,65.9,0,Excellent
90.6,4.3,77.1,80.7,89.1,8.5,5.8,81.6,74.9,1,Excellent
92.4,4.3,70.6,78.4,68.2,5.0,6.1,72.1,100,0,Excellent
88.9,0.5,51.6,58.1,48.0,8.0,5.2,49.4,57.5,5,Poor
86.7,3.4,70.6,88.5,67.7,7.5,5.9,92.3,75.2,0,Good
53.4,2.9,67.7,67.1,50.9,7.5,5.3,74.5,74.9,3,Average
87.0,2.6,57.6,54.9,53.9,7.3,4.7,61.8,45.3,3,Average
73.6,1.3,49.1,50.3,44.3,7.9,7.1,44.2,45.2,3,Poor
72.6,0.6,49.2,27.5,56.6,6.8,6.3,43.6,38.9,0,Poor
80.7,5.1,87.8,69.3,68.9,8.4,7.7,97.1,81.2,0,Excellent
93.1,3.3,70.7,70.2,87.6,7.3,5.9,100,61.7,0,Good
93.4,5.8,70.7,69.9,73.7,5.1,3.0,100,97.2,0,Excellent
79.5,2.2,70.3,58.7,71.3,6.8,4.2,42.7,34.7,3,Average
96.8,5.1,87.1,76.3,82.6,7.5,4.4,89.5,88.2,0,Excellent
84.1,1.1,66.1,66.1,61.9,5.1,4.1,76.9,42.5,1,Average
79.9,5.1,67.9,68.4,40.7,7.6,5.5,71.6,62.3,2,Good
92.1,4.7,71.6,75.8,93.0,7.0,5.5,83.9,60.8,0,Excellent
85.9,5.9,95.4,85.5,92.4,6.9,4.3,100,84.7,0,Excellent
95.0,6.6,74.9,65.8,74.1,7.0,5.2,74.1,91.3,1,Excellent
65.0,4.3,74.9,55.9,69.1,7.0,4.7,75.9,47.4,1,Good
78.8,0.6,76.8,66.7,67.0,8.6,4.1,69.9,68.0,4,Poor
60.2,0.9,62.5,61.2,38.8,5.6,4.5,37.2,48.0,3,Poor
65.1,3.0,55.4,56.0,66.9,6.5,3.0,68.8,68.8,3,Good
68.8,3.0,60.2,49.6,73.2,8.6,6.1,61.0,56.1,1,Average
99.3,6.5,87.7,63.0,92.3,7.9,1.0,84.9,80.1,0,Excellent
80.7,2.7,68.0,74.2,78.6,4.4,0.5,91.9,70.5,1,Good
83.5,2.9,61.8,44.3,88.0,5.8,4.1,67.4,34.2,3,Average
77.3,6.0,82.4,94.7,47.9,5.7,2.7,75.0,85.0,1,Good
78.2,1.0,47.6,60.3,34.8,7.4,8.4,69.2,39.1,3,Poor
74.2,1.6,79.8,66.3,67.6,5.4,3.3,83.8,43.5,1,Average
70.5,2.7,52.9,54.3,63.4,7.1,6.7,84.7,54.3,3,Average
81.3,4.2,82.2,69.9,75.4,8.6,3.3,86.2,57.9,0,Good
71.7,0.5,50.3,43.3,51.9,8.1,2.3,77.5,48.3,1,Average
91.5,2.0,82.8,94.2,63.0,5.9,4.1,60.7,85.5,3,Good
